src	tgt
▁your ▁person a : ▁i ' ve ▁2 ▁kids . [SEP] ▁your ▁person a : ▁i ▁love ▁flow ers . [SEP] ▁I ▁love ▁live ▁music , ▁that ' s ▁why ▁I ▁try ▁to ▁go ▁to ▁concert s [SEP] ▁I ▁do ▁too . ▁W at ▁do ▁you ▁like ? [SEP] ▁I ▁like ▁acting , ▁I ▁hope ▁to ▁be ▁an ▁actor , ▁what ▁about ▁you ?	▁that ▁is ▁ok . ▁have ▁any ▁kids ?
▁your ▁person a : ▁i ' ve ▁2 ▁kids . [SEP] ▁your ▁person a : ▁i ▁love ▁flow ers . [SEP] ▁I ▁love ▁live ▁music , ▁that ' s ▁why ▁I ▁try ▁to ▁go ▁to ▁concert s [SEP] ▁I ▁do ▁too . ▁W at ▁do ▁you ▁like ? [SEP] ▁I ▁like ▁acting , ▁I ▁hope ▁to ▁be ▁an ▁actor , ▁what ▁about ▁you ? [SEP] ▁that ▁is ▁ok . ▁have ▁any ▁kids ? [SEP] ▁No , ▁but ▁som ed ay .	▁that ▁is ▁good . ▁I ▁have ▁2
▁your ▁person a : ▁i ' ve ▁2 ▁kids . [SEP] ▁your ▁person a : ▁i ▁love ▁flow ers . [SEP] ▁I ▁love ▁live ▁music , ▁that ' s ▁why ▁I ▁try ▁to ▁go ▁to ▁concert s [SEP] ▁I ▁do ▁too . ▁W at ▁do ▁you ▁like ? [SEP] ▁I ▁like ▁acting , ▁I ▁hope ▁to ▁be ▁an ▁actor , ▁what ▁about ▁you ? [SEP] ▁that ▁is ▁ok . ▁have ▁any ▁kids ? [SEP] ▁No , ▁but ▁som ed ay . [SEP] ▁that ▁is ▁good . ▁I ▁have ▁2 [SEP] ▁After ▁I ▁am ▁done ▁with ▁school ▁I ▁plan ▁to ▁have ▁a ▁family .	▁that ▁is ▁great ! ▁you ▁will ▁be ▁ready
▁your ▁person a : ▁i ' ve ▁2 ▁kids . [SEP] ▁your ▁person a : ▁i ▁love ▁flow ers . [SEP] ▁I ▁love ▁live ▁music , ▁that ' s ▁why ▁I ▁try ▁to ▁go ▁to ▁concert s [SEP] ▁I ▁do ▁too . ▁W at ▁do ▁you ▁like ? [SEP] ▁I ▁like ▁acting , ▁I ▁hope ▁to ▁be ▁an ▁actor , ▁what ▁about ▁you ? [SEP] ▁that ▁is ▁ok . ▁have ▁any ▁kids ? [SEP] ▁No , ▁but ▁som ed ay . [SEP] ▁that ▁is ▁good . ▁I ▁have ▁2 [SEP] ▁After ▁I ▁am ▁done ▁with ▁school ▁I ▁plan ▁to ▁have ▁a ▁family . [SEP] ▁that ▁is ▁great ! ▁you ▁will ▁be ▁ready [SEP] ▁I ▁hope ▁so , ▁how ▁old ▁are ▁your ▁kids ?	▁5 ▁& ▁7. ▁they ▁take ▁up ▁a ▁lot ▁of ▁my ▁time
▁your ▁person a : ▁i ' ve ▁2 ▁kids . [SEP] ▁your ▁person a : ▁i ▁love ▁flow ers . [SEP] ▁I ▁love ▁live ▁music , ▁that ' s ▁why ▁I ▁try ▁to ▁go ▁to ▁concert s [SEP] ▁I ▁do ▁too . ▁W at ▁do ▁you ▁like ? [SEP] ▁I ▁like ▁acting , ▁I ▁hope ▁to ▁be ▁an ▁actor , ▁what ▁about ▁you ? [SEP] ▁that ▁is ▁ok . ▁have ▁any ▁kids ? [SEP] ▁No , ▁but ▁som ed ay . [SEP] ▁that ▁is ▁good . ▁I ▁have ▁2 [SEP] ▁After ▁I ▁am ▁done ▁with ▁school ▁I ▁plan ▁to ▁have ▁a ▁family . [SEP] ▁that ▁is ▁great ! ▁you ▁will ▁be ▁ready [SEP] ▁I ▁hope ▁so , ▁how ▁old ▁are ▁your ▁kids ? [SEP] ▁5 ▁& ▁7. ▁they ▁take ▁up ▁a ▁lot ▁of ▁my ▁time [SEP] ▁I ▁would ▁imagine . ▁I ▁am ▁sure ▁they ▁a ▁great ▁kids .	▁luck ily , ▁they ▁love ▁flow ers ▁just ▁as ▁much ▁as ▁I ▁do . ▁we ▁spend ▁a ▁lot ▁of ▁time ▁in ▁the ▁g arden
▁your ▁person a : ▁i ' ve ▁2 ▁kids . [SEP] ▁your ▁person a : ▁i ▁love ▁flow ers . [SEP] ▁I ▁love ▁live ▁music , ▁that ' s ▁why ▁I ▁try ▁to ▁go ▁to ▁concert s [SEP] ▁I ▁do ▁too . ▁W at ▁do ▁you ▁like ? [SEP] ▁I ▁like ▁acting , ▁I ▁hope ▁to ▁be ▁an ▁actor , ▁what ▁about ▁you ? [SEP] ▁that ▁is ▁ok . ▁have ▁any ▁kids ? [SEP] ▁No , ▁but ▁som ed ay . [SEP] ▁that ▁is ▁good . ▁I ▁have ▁2 [SEP] ▁After ▁I ▁am ▁done ▁with ▁school ▁I ▁plan ▁to ▁have ▁a ▁family . [SEP] ▁that ▁is ▁great ! ▁you ▁will ▁be ▁ready [SEP] ▁I ▁hope ▁so , ▁how ▁old ▁are ▁your ▁kids ? [SEP] ▁5 ▁& ▁7. ▁they ▁take ▁up ▁a ▁lot ▁of ▁my ▁time [SEP] ▁I ▁would ▁imagine . ▁I ▁am ▁sure ▁they ▁a ▁great ▁kids . [SEP] ▁luck ily , ▁they ▁love ▁flow ers ▁just ▁as ▁much ▁as ▁I ▁do . ▁we ▁spend ▁a ▁lot ▁of ▁time ▁in ▁the ▁g arden [SEP] ▁I ▁wish ▁I ▁had ▁more ▁time ▁to ▁do ▁stuff ▁like ▁that . ▁Med ical ▁school ▁is ▁exha usting .	▁sounds ▁like ▁it . ▁have ▁you ▁gotten ▁any ▁acting ▁jobs , ▁though ?
▁your ▁person a : ▁i ▁just ▁bought ▁a ▁new ▁house ▁with ▁my ▁partner . [SEP] ▁your ▁person a : ▁i ▁like ▁to ▁make ▁my ▁own ▁coffee . [SEP] ▁L as ag ne [SEP] ▁Oh , ▁I ▁love ▁las ag ne . ▁I ▁make ▁my ▁own ▁n ood les ▁as ▁well ▁as ▁the ▁sauce . [SEP] ▁Wow . ▁That ' s ▁amazing . ▁I ▁read ▁where ▁las ag ne ▁origin ated ▁in ▁It aly ▁during ▁the ▁Mid dle ▁Ag es . [SEP] ▁Oh ▁really !? ▁That ▁is ▁interesting . ▁I ▁am ▁actually ▁it alian ▁myself .	▁Awesome . ▁Me ▁and ▁my ▁partner ▁just ▁bought ▁a ▁house . ▁I ▁can ' t ▁wait ▁to ▁cook ▁in ▁my ▁kitchen .
▁your ▁person a : ▁i ▁just ▁bought ▁a ▁new ▁house ▁with ▁my ▁partner . [SEP] ▁your ▁person a : ▁i ▁like ▁to ▁make ▁my ▁own ▁coffee . [SEP] ▁L as ag ne [SEP] ▁Oh , ▁I ▁love ▁las ag ne . ▁I ▁make ▁my ▁own ▁n ood les ▁as ▁well ▁as ▁the ▁sauce . [SEP] ▁Wow . ▁That ' s ▁amazing . ▁I ▁read ▁where ▁las ag ne ▁origin ated ▁in ▁It aly ▁during ▁the ▁Mid dle ▁Ag es . [SEP] ▁Oh ▁really !? ▁That ▁is ▁interesting . ▁I ▁am ▁actually ▁it alian ▁myself . [SEP] ▁Awesome . ▁Me ▁and ▁my ▁partner ▁just ▁bought ▁a ▁house . ▁I ▁can ' t ▁wait ▁to ▁cook ▁in ▁my ▁kitchen . [SEP] ▁Mo ving ▁in ▁a ▁new ▁place ▁can ▁be ▁a ▁lot ▁of ▁fun . ▁Are ▁you ▁a ▁good ▁cook ?	▁I ▁like ▁to ▁think ▁so . ▁I ▁love ▁to ▁make ▁coffee ▁for ▁an ▁after ▁dinner ▁treat ▁too .
▁your ▁person a : ▁i ▁just ▁bought ▁a ▁new ▁house ▁with ▁my ▁partner . [SEP] ▁your ▁person a : ▁i ▁like ▁to ▁make ▁my ▁own ▁coffee . [SEP] ▁L as ag ne [SEP] ▁Oh , ▁I ▁love ▁las ag ne . ▁I ▁make ▁my ▁own ▁n ood les ▁as ▁well ▁as ▁the ▁sauce . [SEP] ▁Wow . ▁That ' s ▁amazing . ▁I ▁read ▁where ▁las ag ne ▁origin ated ▁in ▁It aly ▁during ▁the ▁Mid dle ▁Ag es . [SEP] ▁Oh ▁really !? ▁That ▁is ▁interesting . ▁I ▁am ▁actually ▁it alian ▁myself . [SEP] ▁Awesome . ▁Me ▁and ▁my ▁partner ▁just ▁bought ▁a ▁house . ▁I ▁can ' t ▁wait ▁to ▁cook ▁in ▁my ▁kitchen . [SEP] ▁Mo ving ▁in ▁a ▁new ▁place ▁can ▁be ▁a ▁lot ▁of ▁fun . ▁Are ▁you ▁a ▁good ▁cook ? [SEP] ▁I ▁like ▁to ▁think ▁so . ▁I ▁love ▁to ▁make ▁coffee ▁for ▁an ▁after ▁dinner ▁treat ▁too . [SEP] ▁M mm ▁That ▁sounds ▁delicious ▁right ▁now .	▁What ▁do ▁you ▁like ▁to ▁do ?
▁your ▁person a : ▁i ▁just ▁bought ▁a ▁new ▁house ▁with ▁my ▁partner . [SEP] ▁your ▁person a : ▁i ▁like ▁to ▁make ▁my ▁own ▁coffee . [SEP] ▁L as ag ne [SEP] ▁Oh , ▁I ▁love ▁las ag ne . ▁I ▁make ▁my ▁own ▁n ood les ▁as ▁well ▁as ▁the ▁sauce . [SEP] ▁Wow . ▁That ' s ▁amazing . ▁I ▁read ▁where ▁las ag ne ▁origin ated ▁in ▁It aly ▁during ▁the ▁Mid dle ▁Ag es . [SEP] ▁Oh ▁really !? ▁That ▁is ▁interesting . ▁I ▁am ▁actually ▁it alian ▁myself . [SEP] ▁Awesome . ▁Me ▁and ▁my ▁partner ▁just ▁bought ▁a ▁house . ▁I ▁can ' t ▁wait ▁to ▁cook ▁in ▁my ▁kitchen . [SEP] ▁Mo ving ▁in ▁a ▁new ▁place ▁can ▁be ▁a ▁lot ▁of ▁fun . ▁Are ▁you ▁a ▁good ▁cook ? [SEP] ▁I ▁like ▁to ▁think ▁so . ▁I ▁love ▁to ▁make ▁coffee ▁for ▁an ▁after ▁dinner ▁treat ▁too . [SEP] ▁M mm ▁That ▁sounds ▁delicious ▁right ▁now . [SEP] ▁What ▁do ▁you ▁like ▁to ▁do ? [SEP] ▁Well ▁I ▁like ▁tatt oos ▁and ▁p ier c ings , ▁I ▁am ▁working ▁on ▁my ▁next ▁one ▁right ▁now .	▁p ier c ings ▁are ▁cool ▁. ▁i ▁do ▁not ▁have ▁any ▁tatt oos ▁though . ▁Too ▁scared . ▁I ▁want ▁some
▁your ▁person a : ▁i ▁just ▁bought ▁a ▁new ▁house ▁with ▁my ▁partner . [SEP] ▁your ▁person a : ▁i ▁like ▁to ▁make ▁my ▁own ▁coffee . [SEP] ▁L as ag ne [SEP] ▁Oh , ▁I ▁love ▁las ag ne . ▁I ▁make ▁my ▁own ▁n ood les ▁as ▁well ▁as ▁the ▁sauce . [SEP] ▁Wow . ▁That ' s ▁amazing . ▁I ▁read ▁where ▁las ag ne ▁origin ated ▁in ▁It aly ▁during ▁the ▁Mid dle ▁Ag es . [SEP] ▁Oh ▁really !? ▁That ▁is ▁interesting . ▁I ▁am ▁actually ▁it alian ▁myself . [SEP] ▁Awesome . ▁Me ▁and ▁my ▁partner ▁just ▁bought ▁a ▁house . ▁I ▁can ' t ▁wait ▁to ▁cook ▁in ▁my ▁kitchen . [SEP] ▁Mo ving ▁in ▁a ▁new ▁place ▁can ▁be ▁a ▁lot ▁of ▁fun . ▁Are ▁you ▁a ▁good ▁cook ? [SEP] ▁I ▁like ▁to ▁think ▁so . ▁I ▁love ▁to ▁make ▁coffee ▁for ▁an ▁after ▁dinner ▁treat ▁too . [SEP] ▁M mm ▁That ▁sounds ▁delicious ▁right ▁now . [SEP] ▁What ▁do ▁you ▁like ▁to ▁do ? [SEP] ▁Well ▁I ▁like ▁tatt oos ▁and ▁p ier c ings , ▁I ▁am ▁working ▁on ▁my ▁next ▁one ▁right ▁now . [SEP] ▁p ier c ings ▁are ▁cool ▁. ▁i ▁do ▁not ▁have ▁any ▁tatt oos ▁though . ▁Too ▁scared . ▁I ▁want ▁some [SEP] ▁What ▁would ▁you ▁get ?	▁Maybe ▁something ▁for ▁my ▁kids . ▁I ' ve ▁always ▁wanted ▁an ▁an arch y ▁symbol .
▁your ▁person a : ▁i ▁just ▁bought ▁a ▁new ▁house ▁with ▁my ▁partner . [SEP] ▁your ▁person a : ▁i ▁like ▁to ▁make ▁my ▁own ▁coffee . [SEP] ▁L as ag ne [SEP] ▁Oh , ▁I ▁love ▁las ag ne . ▁I ▁make ▁my ▁own ▁n ood les ▁as ▁well ▁as ▁the ▁sauce . [SEP] ▁Wow . ▁That ' s ▁amazing . ▁I ▁read ▁where ▁las ag ne ▁origin ated ▁in ▁It aly ▁during ▁the ▁Mid dle ▁Ag es . [SEP] ▁Oh ▁really !? ▁That ▁is ▁interesting . ▁I ▁am ▁actually ▁it alian ▁myself . [SEP] ▁Awesome . ▁Me ▁and ▁my ▁partner ▁just ▁bought ▁a ▁house . ▁I ▁can ' t ▁wait ▁to ▁cook ▁in ▁my ▁kitchen . [SEP] ▁Mo ving ▁in ▁a ▁new ▁place ▁can ▁be ▁a ▁lot ▁of ▁fun . ▁Are ▁you ▁a ▁good ▁cook ? [SEP] ▁I ▁like ▁to ▁think ▁so . ▁I ▁love ▁to ▁make ▁coffee ▁for ▁an ▁after ▁dinner ▁treat ▁too . [SEP] ▁M mm ▁That ▁sounds ▁delicious ▁right ▁now . [SEP] ▁What ▁do ▁you ▁like ▁to ▁do ? [SEP] ▁Well ▁I ▁like ▁tatt oos ▁and ▁p ier c ings , ▁I ▁am ▁working ▁on ▁my ▁next ▁one ▁right ▁now . [SEP] ▁p ier c ings ▁are ▁cool ▁. ▁i ▁do ▁not ▁have ▁any ▁tatt oos ▁though . ▁Too ▁scared . ▁I ▁want ▁some [SEP] ▁What ▁would ▁you ▁get ? [SEP] ▁Maybe ▁something ▁for ▁my ▁kids . ▁I ' ve ▁always ▁wanted ▁an ▁an arch y ▁symbol . [SEP] ▁Haha ▁that ▁is ▁a ▁cool ▁idea .	▁I ▁like ▁to ▁think ▁I ' m ▁cool ▁too . ▁Hopefully ▁one ▁day .
▁your ▁person a : ▁my ▁parents ▁were ▁div or ced . [SEP] ▁your ▁person a : ▁i ' m ▁a ▁wid ow . [SEP] ▁My ▁neighb ors ▁dog ▁won ' t ▁stop ▁bar king ▁at ▁me . ▁Ugh ! [SEP] ▁Thats ▁the ▁worst , ▁is ▁it ▁a ▁big ▁dog ▁or ▁little ▁dog ? [SEP] ▁It ' s ▁a ▁little ▁dog . ▁Why ▁is ▁it ▁the ▁little ▁ones ▁always ▁b ark ▁the ▁most ?	▁I ▁believe ▁it ▁is ▁due ▁to ▁their ▁behavior ▁and ▁internal ▁and ▁ex ternal ▁st im ul i .
▁your ▁person a : ▁my ▁parents ▁were ▁div or ced . [SEP] ▁your ▁person a : ▁i ' m ▁a ▁wid ow . [SEP] ▁My ▁neighb ors ▁dog ▁won ' t ▁stop ▁bar king ▁at ▁me . ▁Ugh ! [SEP] ▁Thats ▁the ▁worst , ▁is ▁it ▁a ▁big ▁dog ▁or ▁little ▁dog ? [SEP] ▁It ' s ▁a ▁little ▁dog . ▁Why ▁is ▁it ▁the ▁little ▁ones ▁always ▁b ark ▁the ▁most ? [SEP] ▁I ▁believe ▁it ▁is ▁due ▁to ▁their ▁behavior ▁and ▁internal ▁and ▁ex ternal ▁st im ul i . [SEP] ▁I ' d ▁like ▁to ▁introdu ce ▁that ▁dog ▁to ▁my ▁pet ▁sn akes . ▁I ▁think ▁they ' d ▁eat ▁him ▁though !	▁Oh ▁no ! ▁But ▁I ▁think ▁black ▁sn akes ▁are ▁good ? ▁They ▁eat ▁n ast y ▁bugs ▁and ▁ro d ents !
▁your ▁person a : ▁my ▁parents ▁were ▁div or ced . [SEP] ▁your ▁person a : ▁i ' m ▁a ▁wid ow . [SEP] ▁My ▁neighb ors ▁dog ▁won ' t ▁stop ▁bar king ▁at ▁me . ▁Ugh ! [SEP] ▁Thats ▁the ▁worst , ▁is ▁it ▁a ▁big ▁dog ▁or ▁little ▁dog ? [SEP] ▁It ' s ▁a ▁little ▁dog . ▁Why ▁is ▁it ▁the ▁little ▁ones ▁always ▁b ark ▁the ▁most ? [SEP] ▁I ▁believe ▁it ▁is ▁due ▁to ▁their ▁behavior ▁and ▁internal ▁and ▁ex ternal ▁st im ul i . [SEP] ▁I ' d ▁like ▁to ▁introdu ce ▁that ▁dog ▁to ▁my ▁pet ▁sn akes . ▁I ▁think ▁they ' d ▁eat ▁him ▁though ! [SEP] ▁Oh ▁no ! ▁But ▁I ▁think ▁black ▁sn akes ▁are ▁good ? ▁They ▁eat ▁n ast y ▁bugs ▁and ▁ro d ents ! [SEP] ▁My ▁sn akes ▁are ▁both ▁p y th ons . ▁I ▁feed ▁them ▁m ice . ▁Do ▁you ▁have ▁any ▁p ets ?	▁No , ▁but ▁I ▁would ▁love ▁to ▁have ▁a ▁cat ▁for ▁it ▁to ▁h unt ▁m ice ▁in ▁my ▁house ▁lol
▁your ▁person a : ▁my ▁parents ▁were ▁div or ced . [SEP] ▁your ▁person a : ▁i ' m ▁a ▁wid ow . [SEP] ▁My ▁neighb ors ▁dog ▁won ' t ▁stop ▁bar king ▁at ▁me . ▁Ugh ! [SEP] ▁Thats ▁the ▁worst , ▁is ▁it ▁a ▁big ▁dog ▁or ▁little ▁dog ? [SEP] ▁It ' s ▁a ▁little ▁dog . ▁Why ▁is ▁it ▁the ▁little ▁ones ▁always ▁b ark ▁the ▁most ? [SEP] ▁I ▁believe ▁it ▁is ▁due ▁to ▁their ▁behavior ▁and ▁internal ▁and ▁ex ternal ▁st im ul i . [SEP] ▁I ' d ▁like ▁to ▁introdu ce ▁that ▁dog ▁to ▁my ▁pet ▁sn akes . ▁I ▁think ▁they ' d ▁eat ▁him ▁though ! [SEP] ▁Oh ▁no ! ▁But ▁I ▁think ▁black ▁sn akes ▁are ▁good ? ▁They ▁eat ▁n ast y ▁bugs ▁and ▁ro d ents ! [SEP] ▁My ▁sn akes ▁are ▁both ▁p y th ons . ▁I ▁feed ▁them ▁m ice . ▁Do ▁you ▁have ▁any ▁p ets ? [SEP] ▁No , ▁but ▁I ▁would ▁love ▁to ▁have ▁a ▁cat ▁for ▁it ▁to ▁h unt ▁m ice ▁in ▁my ▁house ▁lol [SEP] ▁You ▁have ▁m ice ▁running ▁around ▁your ▁house ? ▁Y ikes ! ▁I ▁think ▁I ' d ▁rather ▁have ▁the ▁bar king ▁dogs ▁than ▁that .	▁Lol , ▁but ▁they ▁do ▁make ▁great ▁compan ions ▁at ▁times . I ▁give ▁them ▁bread ▁and ▁they ▁leave ▁me ▁alone ▁for ▁the ▁most ▁part .
▁your ▁person a : ▁my ▁parents ▁were ▁div or ced . [SEP] ▁your ▁person a : ▁i ' m ▁a ▁wid ow . [SEP] ▁My ▁neighb ors ▁dog ▁won ' t ▁stop ▁bar king ▁at ▁me . ▁Ugh ! [SEP] ▁Thats ▁the ▁worst , ▁is ▁it ▁a ▁big ▁dog ▁or ▁little ▁dog ? [SEP] ▁It ' s ▁a ▁little ▁dog . ▁Why ▁is ▁it ▁the ▁little ▁ones ▁always ▁b ark ▁the ▁most ? [SEP] ▁I ▁believe ▁it ▁is ▁due ▁to ▁their ▁behavior ▁and ▁internal ▁and ▁ex ternal ▁st im ul i . [SEP] ▁I ' d ▁like ▁to ▁introdu ce ▁that ▁dog ▁to ▁my ▁pet ▁sn akes . ▁I ▁think ▁they ' d ▁eat ▁him ▁though ! [SEP] ▁Oh ▁no ! ▁But ▁I ▁think ▁black ▁sn akes ▁are ▁good ? ▁They ▁eat ▁n ast y ▁bugs ▁and ▁ro d ents ! [SEP] ▁My ▁sn akes ▁are ▁both ▁p y th ons . ▁I ▁feed ▁them ▁m ice . ▁Do ▁you ▁have ▁any ▁p ets ? [SEP] ▁No , ▁but ▁I ▁would ▁love ▁to ▁have ▁a ▁cat ▁for ▁it ▁to ▁h unt ▁m ice ▁in ▁my ▁house ▁lol [SEP] ▁You ▁have ▁m ice ▁running ▁around ▁your ▁house ? ▁Y ikes ! ▁I ▁think ▁I ' d ▁rather ▁have ▁the ▁bar king ▁dogs ▁than ▁that . [SEP] ▁Lol , ▁but ▁they ▁do ▁make ▁great ▁compan ions ▁at ▁times . I ▁give ▁them ▁bread ▁and ▁they ▁leave ▁me ▁alone ▁for ▁the ▁most ▁part . [SEP] ▁Have ▁you ▁given ▁them ▁names ? ▁If ▁not , ▁maybe ▁we ▁can ▁come ▁up ▁with ▁some .	▁i ▁just ▁called ▁them ▁all ▁J erry , ▁Big ▁J erry , ▁Always ▁hungry ▁J erry ▁and ▁then ▁there ' s ▁the ▁T iny ▁J erry .
▁your ▁person a : ▁my ▁parents ▁were ▁div or ced . [SEP] ▁your ▁person a : ▁i ' m ▁a ▁wid ow . [SEP] ▁My ▁neighb ors ▁dog ▁won ' t ▁stop ▁bar king ▁at ▁me . ▁Ugh ! [SEP] ▁Thats ▁the ▁worst , ▁is ▁it ▁a ▁big ▁dog ▁or ▁little ▁dog ? [SEP] ▁It ' s ▁a ▁little ▁dog . ▁Why ▁is ▁it ▁the ▁little ▁ones ▁always ▁b ark ▁the ▁most ? [SEP] ▁I ▁believe ▁it ▁is ▁due ▁to ▁their ▁behavior ▁and ▁internal ▁and ▁ex ternal ▁st im ul i . [SEP] ▁I ' d ▁like ▁to ▁introdu ce ▁that ▁dog ▁to ▁my ▁pet ▁sn akes . ▁I ▁think ▁they ' d ▁eat ▁him ▁though ! [SEP] ▁Oh ▁no ! ▁But ▁I ▁think ▁black ▁sn akes ▁are ▁good ? ▁They ▁eat ▁n ast y ▁bugs ▁and ▁ro d ents ! [SEP] ▁My ▁sn akes ▁are ▁both ▁p y th ons . ▁I ▁feed ▁them ▁m ice . ▁Do ▁you ▁have ▁any ▁p ets ? [SEP] ▁No , ▁but ▁I ▁would ▁love ▁to ▁have ▁a ▁cat ▁for ▁it ▁to ▁h unt ▁m ice ▁in ▁my ▁house ▁lol [SEP] ▁You ▁have ▁m ice ▁running ▁around ▁your ▁house ? ▁Y ikes ! ▁I ▁think ▁I ' d ▁rather ▁have ▁the ▁bar king ▁dogs ▁than ▁that . [SEP] ▁Lol , ▁but ▁they ▁do ▁make ▁great ▁compan ions ▁at ▁times . I ▁give ▁them ▁bread ▁and ▁they ▁leave ▁me ▁alone ▁for ▁the ▁most ▁part . [SEP] ▁Have ▁you ▁given ▁them ▁names ? ▁If ▁not , ▁maybe ▁we ▁can ▁come ▁up ▁with ▁some . [SEP] ▁i ▁just ▁called ▁them ▁all ▁J erry , ▁Big ▁J erry , ▁Always ▁hungry ▁J erry ▁and ▁then ▁there ' s ▁the ▁T iny ▁J erry . [SEP] ▁Now ▁you ▁really ▁do ▁need ▁to ▁get ▁a ▁cat ▁and ▁call ▁him ▁Tom .	▁Yep ▁that ▁would ▁completely ▁the ▁collection ! ▁I ▁am ▁wid ow ▁so ▁I ▁need ▁all ▁the ▁compan ions ▁I ▁can ▁get ▁haha
▁your ▁person a : ▁i ▁have ▁blue ▁eyes ▁and ▁cur ly ▁brown ▁hair . [SEP] ▁your ▁person a : ▁i ▁love ▁to ▁sn ack ▁between ▁me als . [SEP] ▁I ▁took ▁the ▁train ▁to ▁work ▁the ▁other ▁day ▁and ▁it ▁was ▁so ▁crowd ed . ▁I ▁was ▁feeling ▁really ▁cl a ust roph ob ic . [SEP] ▁I ▁would ▁have ▁been ▁too ! ▁Do ▁you ▁always ▁take ▁it ▁to ▁work ? [SEP] ▁yes ▁i ▁do ▁because ▁i ▁do ▁not ▁have ▁a ▁car	▁if ▁you ▁could ▁have ▁a ▁car ▁what ▁would ▁it ▁be ?
▁your ▁person a : ▁i ▁have ▁blue ▁eyes ▁and ▁cur ly ▁brown ▁hair . [SEP] ▁your ▁person a : ▁i ▁love ▁to ▁sn ack ▁between ▁me als . [SEP] ▁I ▁took ▁the ▁train ▁to ▁work ▁the ▁other ▁day ▁and ▁it ▁was ▁so ▁crowd ed . ▁I ▁was ▁feeling ▁really ▁cl a ust roph ob ic . [SEP] ▁I ▁would ▁have ▁been ▁too ! ▁Do ▁you ▁always ▁take ▁it ▁to ▁work ? [SEP] ▁yes ▁i ▁do ▁because ▁i ▁do ▁not ▁have ▁a ▁car [SEP] ▁if ▁you ▁could ▁have ▁a ▁car ▁what ▁would ▁it ▁be ? [SEP] ▁a ▁h ond a ▁because ▁they ▁are ▁afford able ▁and ▁reliable	▁i ▁love ▁the ▁o sc ar ▁m ier ▁w ien er - mo b ile . ▁it ▁reminds ▁me ▁of ▁sn acking ▁when ▁i ' m ▁not ▁having ▁a ▁meal . ▁would ▁you ▁drive ▁the ▁o sc ar ▁me ir ▁we in er ▁mobile ?
▁your ▁person a : ▁i ▁have ▁blue ▁eyes ▁and ▁cur ly ▁brown ▁hair . [SEP] ▁your ▁person a : ▁i ▁love ▁to ▁sn ack ▁between ▁me als . [SEP] ▁I ▁took ▁the ▁train ▁to ▁work ▁the ▁other ▁day ▁and ▁it ▁was ▁so ▁crowd ed . ▁I ▁was ▁feeling ▁really ▁cl a ust roph ob ic . [SEP] ▁I ▁would ▁have ▁been ▁too ! ▁Do ▁you ▁always ▁take ▁it ▁to ▁work ? [SEP] ▁yes ▁i ▁do ▁because ▁i ▁do ▁not ▁have ▁a ▁car [SEP] ▁if ▁you ▁could ▁have ▁a ▁car ▁what ▁would ▁it ▁be ? [SEP] ▁a ▁h ond a ▁because ▁they ▁are ▁afford able ▁and ▁reliable [SEP] ▁i ▁love ▁the ▁o sc ar ▁m ier ▁w ien er - mo b ile . ▁it ▁reminds ▁me ▁of ▁sn acking ▁when ▁i ' m ▁not ▁having ▁a ▁meal . ▁would ▁you ▁drive ▁the ▁o sc ar ▁me ir ▁we in er ▁mobile ? [SEP] ▁i ▁do ▁not ▁think ▁so , ▁what ▁about ▁you ?	▁i ▁lost ▁my ▁driver ' s ▁l isc ense , ▁u fortunately , ▁but ▁i ▁would ▁if ▁i ▁could
▁your ▁person a : ▁i ▁have ▁blue ▁eyes ▁and ▁cur ly ▁brown ▁hair . [SEP] ▁your ▁person a : ▁i ▁love ▁to ▁sn ack ▁between ▁me als . [SEP] ▁I ▁took ▁the ▁train ▁to ▁work ▁the ▁other ▁day ▁and ▁it ▁was ▁so ▁crowd ed . ▁I ▁was ▁feeling ▁really ▁cl a ust roph ob ic . [SEP] ▁I ▁would ▁have ▁been ▁too ! ▁Do ▁you ▁always ▁take ▁it ▁to ▁work ? [SEP] ▁yes ▁i ▁do ▁because ▁i ▁do ▁not ▁have ▁a ▁car [SEP] ▁if ▁you ▁could ▁have ▁a ▁car ▁what ▁would ▁it ▁be ? [SEP] ▁a ▁h ond a ▁because ▁they ▁are ▁afford able ▁and ▁reliable [SEP] ▁i ▁love ▁the ▁o sc ar ▁m ier ▁w ien er - mo b ile . ▁it ▁reminds ▁me ▁of ▁sn acking ▁when ▁i ' m ▁not ▁having ▁a ▁meal . ▁would ▁you ▁drive ▁the ▁o sc ar ▁me ir ▁we in er ▁mobile ? [SEP] ▁i ▁do ▁not ▁think ▁so , ▁what ▁about ▁you ? [SEP] ▁i ▁lost ▁my ▁driver ' s ▁l isc ense , ▁u fortunately , ▁but ▁i ▁would ▁if ▁i ▁could [SEP] ▁how ▁did ▁you ▁lose ▁it ?	▁i ▁did ▁some ▁bad ▁stuff , ▁but ▁that ' s ▁not ▁important
▁your ▁person a : ▁i ▁have ▁blue ▁eyes ▁and ▁cur ly ▁brown ▁hair . [SEP] ▁your ▁person a : ▁i ▁love ▁to ▁sn ack ▁between ▁me als . [SEP] ▁I ▁took ▁the ▁train ▁to ▁work ▁the ▁other ▁day ▁and ▁it ▁was ▁so ▁crowd ed . ▁I ▁was ▁feeling ▁really ▁cl a ust roph ob ic . [SEP] ▁I ▁would ▁have ▁been ▁too ! ▁Do ▁you ▁always ▁take ▁it ▁to ▁work ? [SEP] ▁yes ▁i ▁do ▁because ▁i ▁do ▁not ▁have ▁a ▁car [SEP] ▁if ▁you ▁could ▁have ▁a ▁car ▁what ▁would ▁it ▁be ? [SEP] ▁a ▁h ond a ▁because ▁they ▁are ▁afford able ▁and ▁reliable [SEP] ▁i ▁love ▁the ▁o sc ar ▁m ier ▁w ien er - mo b ile . ▁it ▁reminds ▁me ▁of ▁sn acking ▁when ▁i ' m ▁not ▁having ▁a ▁meal . ▁would ▁you ▁drive ▁the ▁o sc ar ▁me ir ▁we in er ▁mobile ? [SEP] ▁i ▁do ▁not ▁think ▁so , ▁what ▁about ▁you ? [SEP] ▁i ▁lost ▁my ▁driver ' s ▁l isc ense , ▁u fortunately , ▁but ▁i ▁would ▁if ▁i ▁could [SEP] ▁how ▁did ▁you ▁lose ▁it ? [SEP] ▁i ▁did ▁some ▁bad ▁stuff , ▁but ▁that ' s ▁not ▁important [SEP] ▁im ▁saving ▁up ▁to ▁buy ▁a ▁new ▁camera ▁to ▁take ▁pictures ▁of ▁people ▁who ▁lost ▁their ▁lic enses ▁actually	▁do ▁you ▁take ▁pictures ▁of ▁people ▁with ▁cur ly ▁hair ▁like ▁mine ?
▁your ▁person a : ▁i ▁have ▁blue ▁eyes ▁and ▁cur ly ▁brown ▁hair . [SEP] ▁your ▁person a : ▁i ▁love ▁to ▁sn ack ▁between ▁me als . [SEP] ▁I ▁took ▁the ▁train ▁to ▁work ▁the ▁other ▁day ▁and ▁it ▁was ▁so ▁crowd ed . ▁I ▁was ▁feeling ▁really ▁cl a ust roph ob ic . [SEP] ▁I ▁would ▁have ▁been ▁too ! ▁Do ▁you ▁always ▁take ▁it ▁to ▁work ? [SEP] ▁yes ▁i ▁do ▁because ▁i ▁do ▁not ▁have ▁a ▁car [SEP] ▁if ▁you ▁could ▁have ▁a ▁car ▁what ▁would ▁it ▁be ? [SEP] ▁a ▁h ond a ▁because ▁they ▁are ▁afford able ▁and ▁reliable [SEP] ▁i ▁love ▁the ▁o sc ar ▁m ier ▁w ien er - mo b ile . ▁it ▁reminds ▁me ▁of ▁sn acking ▁when ▁i ' m ▁not ▁having ▁a ▁meal . ▁would ▁you ▁drive ▁the ▁o sc ar ▁me ir ▁we in er ▁mobile ? [SEP] ▁i ▁do ▁not ▁think ▁so , ▁what ▁about ▁you ? [SEP] ▁i ▁lost ▁my ▁driver ' s ▁l isc ense , ▁u fortunately , ▁but ▁i ▁would ▁if ▁i ▁could [SEP] ▁how ▁did ▁you ▁lose ▁it ? [SEP] ▁i ▁did ▁some ▁bad ▁stuff , ▁but ▁that ' s ▁not ▁important [SEP] ▁im ▁saving ▁up ▁to ▁buy ▁a ▁new ▁camera ▁to ▁take ▁pictures ▁of ▁people ▁who ▁lost ▁their ▁lic enses ▁actually [SEP] ▁do ▁you ▁take ▁pictures ▁of ▁people ▁with ▁cur ly ▁hair ▁like ▁mine ? [SEP] ▁no , ▁only ▁people ▁with ▁long ▁hair ▁like ▁mine	▁well , ▁you ▁got ▁to ▁do ▁you , ▁brother . ▁i ' m ▁proud ▁of ▁you ▁anyway !
▁your ▁person a : ▁i ▁always ▁answer ▁my ▁cell phone . [SEP] ▁your ▁person a : ▁i ▁work ▁in ▁sales . [SEP] ▁that ▁is ▁good ▁. ▁i ' m ▁n urs ing ▁a ▁cold ▁and ▁v it amin ▁c ▁does ▁nothing ▁lol [SEP] ▁oh ▁sorry ▁about ▁that ▁. ▁taking ▁lots ▁of ▁flu ids ▁? [SEP] ▁Yes , ▁thank ▁you . ▁I ▁think ▁I ▁just ▁need ▁some ▁time ▁to ▁make ▁it ▁pass .	▁Should ▁always ▁be ▁drinking ▁water ▁anyways , ▁your ▁body ▁needs ▁it !
▁your ▁person a : ▁i ▁always ▁answer ▁my ▁cell phone . [SEP] ▁your ▁person a : ▁i ▁work ▁in ▁sales . [SEP] ▁that ▁is ▁good ▁. ▁i ' m ▁n urs ing ▁a ▁cold ▁and ▁v it amin ▁c ▁does ▁nothing ▁lol [SEP] ▁oh ▁sorry ▁about ▁that ▁. ▁taking ▁lots ▁of ▁flu ids ▁? [SEP] ▁Yes , ▁thank ▁you . ▁I ▁think ▁I ▁just ▁need ▁some ▁time ▁to ▁make ▁it ▁pass . [SEP] ▁Should ▁always ▁be ▁drinking ▁water ▁anyways , ▁your ▁body ▁needs ▁it ! [SEP] ▁Yes ▁it ▁does , ▁especially ▁during ▁summer .	▁What ▁do ▁you ▁do ▁for ▁a ▁living ? ▁I ▁try ▁my ▁best ▁in ▁sales .
▁your ▁person a : ▁i ▁always ▁answer ▁my ▁cell phone . [SEP] ▁your ▁person a : ▁i ▁work ▁in ▁sales . [SEP] ▁that ▁is ▁good ▁. ▁i ' m ▁n urs ing ▁a ▁cold ▁and ▁v it amin ▁c ▁does ▁nothing ▁lol [SEP] ▁oh ▁sorry ▁about ▁that ▁. ▁taking ▁lots ▁of ▁flu ids ▁? [SEP] ▁Yes , ▁thank ▁you . ▁I ▁think ▁I ▁just ▁need ▁some ▁time ▁to ▁make ▁it ▁pass . [SEP] ▁Should ▁always ▁be ▁drinking ▁water ▁anyways , ▁your ▁body ▁needs ▁it ! [SEP] ▁Yes ▁it ▁does , ▁especially ▁during ▁summer . [SEP] ▁What ▁do ▁you ▁do ▁for ▁a ▁living ? ▁I ▁try ▁my ▁best ▁in ▁sales . [SEP] ▁I ▁work ▁at ▁a ▁sk i ▁res ort . ▁I ▁love ▁it !	▁I ▁heard ▁M ount ▁Tom ▁S ki ▁Are a ▁in ▁Holy oke , ▁Mass ▁is ▁a ▁great ▁res ort ▁to ▁visit
▁your ▁person a : ▁i ▁always ▁answer ▁my ▁cell phone . [SEP] ▁your ▁person a : ▁i ▁work ▁in ▁sales . [SEP] ▁that ▁is ▁good ▁. ▁i ' m ▁n urs ing ▁a ▁cold ▁and ▁v it amin ▁c ▁does ▁nothing ▁lol [SEP] ▁oh ▁sorry ▁about ▁that ▁. ▁taking ▁lots ▁of ▁flu ids ▁? [SEP] ▁Yes , ▁thank ▁you . ▁I ▁think ▁I ▁just ▁need ▁some ▁time ▁to ▁make ▁it ▁pass . [SEP] ▁Should ▁always ▁be ▁drinking ▁water ▁anyways , ▁your ▁body ▁needs ▁it ! [SEP] ▁Yes ▁it ▁does , ▁especially ▁during ▁summer . [SEP] ▁What ▁do ▁you ▁do ▁for ▁a ▁living ? ▁I ▁try ▁my ▁best ▁in ▁sales . [SEP] ▁I ▁work ▁at ▁a ▁sk i ▁res ort . ▁I ▁love ▁it ! [SEP] ▁I ▁heard ▁M ount ▁Tom ▁S ki ▁Are a ▁in ▁Holy oke , ▁Mass ▁is ▁a ▁great ▁res ort ▁to ▁visit [SEP] ▁I ▁have ▁never ▁been ▁but ▁I ▁have ▁heard ▁the ▁same . ▁I ▁love ▁snow ▁and ▁the ▁mount ains .	▁I ▁wish ▁I ▁could ▁enjoy ▁the ▁snow ▁and ▁mount ains , ▁I ▁would ▁be ▁afraid ▁I ▁could ▁not ▁answer ▁my ▁cell phone !
▁your ▁person a : ▁i ▁always ▁answer ▁my ▁cell phone . [SEP] ▁your ▁person a : ▁i ▁work ▁in ▁sales . [SEP] ▁that ▁is ▁good ▁. ▁i ' m ▁n urs ing ▁a ▁cold ▁and ▁v it amin ▁c ▁does ▁nothing ▁lol [SEP] ▁oh ▁sorry ▁about ▁that ▁. ▁taking ▁lots ▁of ▁flu ids ▁? [SEP] ▁Yes , ▁thank ▁you . ▁I ▁think ▁I ▁just ▁need ▁some ▁time ▁to ▁make ▁it ▁pass . [SEP] ▁Should ▁always ▁be ▁drinking ▁water ▁anyways , ▁your ▁body ▁needs ▁it ! [SEP] ▁Yes ▁it ▁does , ▁especially ▁during ▁summer . [SEP] ▁What ▁do ▁you ▁do ▁for ▁a ▁living ? ▁I ▁try ▁my ▁best ▁in ▁sales . [SEP] ▁I ▁work ▁at ▁a ▁sk i ▁res ort . ▁I ▁love ▁it ! [SEP] ▁I ▁heard ▁M ount ▁Tom ▁S ki ▁Are a ▁in ▁Holy oke , ▁Mass ▁is ▁a ▁great ▁res ort ▁to ▁visit [SEP] ▁I ▁have ▁never ▁been ▁but ▁I ▁have ▁heard ▁the ▁same . ▁I ▁love ▁snow ▁and ▁the ▁mount ains . [SEP] ▁I ▁wish ▁I ▁could ▁enjoy ▁the ▁snow ▁and ▁mount ains , ▁I ▁would ▁be ▁afraid ▁I ▁could ▁not ▁answer ▁my ▁cell phone ! [SEP] ▁Haha , ▁these ▁days ▁it ▁is ▁amazing ▁where ▁you ▁can ▁get ▁cell ▁service .	▁i ▁agree ▁! ▁that ▁is ▁the ▁main ▁reason ▁I ▁have ▁a ▁phone ▁!
▁your ▁person a : ▁i ▁always ▁answer ▁my ▁cell phone . [SEP] ▁your ▁person a : ▁i ▁work ▁in ▁sales . [SEP] ▁that ▁is ▁good ▁. ▁i ' m ▁n urs ing ▁a ▁cold ▁and ▁v it amin ▁c ▁does ▁nothing ▁lol [SEP] ▁oh ▁sorry ▁about ▁that ▁. ▁taking ▁lots ▁of ▁flu ids ▁? [SEP] ▁Yes , ▁thank ▁you . ▁I ▁think ▁I ▁just ▁need ▁some ▁time ▁to ▁make ▁it ▁pass . [SEP] ▁Should ▁always ▁be ▁drinking ▁water ▁anyways , ▁your ▁body ▁needs ▁it ! [SEP] ▁Yes ▁it ▁does , ▁especially ▁during ▁summer . [SEP] ▁What ▁do ▁you ▁do ▁for ▁a ▁living ? ▁I ▁try ▁my ▁best ▁in ▁sales . [SEP] ▁I ▁work ▁at ▁a ▁sk i ▁res ort . ▁I ▁love ▁it ! [SEP] ▁I ▁heard ▁M ount ▁Tom ▁S ki ▁Are a ▁in ▁Holy oke , ▁Mass ▁is ▁a ▁great ▁res ort ▁to ▁visit [SEP] ▁I ▁have ▁never ▁been ▁but ▁I ▁have ▁heard ▁the ▁same . ▁I ▁love ▁snow ▁and ▁the ▁mount ains . [SEP] ▁I ▁wish ▁I ▁could ▁enjoy ▁the ▁snow ▁and ▁mount ains , ▁I ▁would ▁be ▁afraid ▁I ▁could ▁not ▁answer ▁my ▁cell phone ! [SEP] ▁Haha , ▁these ▁days ▁it ▁is ▁amazing ▁where ▁you ▁can ▁get ▁cell ▁service . [SEP] ▁i ▁agree ▁! ▁that ▁is ▁the ▁main ▁reason ▁I ▁have ▁a ▁phone ▁! [SEP] ▁Do ▁you ▁have ▁any ▁plans ▁this ▁weekend ?	▁No ▁plans ▁yet , ▁I ' m ▁just ▁happy ▁to ▁sleep ▁in ▁for ▁once !
▁your ▁person a : ▁i ▁love ▁to ▁go ▁out ▁to ▁eat ▁with ▁my ▁family . [SEP] ▁your ▁person a : ▁i ▁like ▁to ▁go ▁to ▁the ▁movies . [SEP] ▁He ' s ▁a ▁good ▁work er ▁but ▁not ▁as ▁reliable ▁as ▁I ▁am . ▁He ▁is ▁always ▁calling ▁in ▁or ▁not ▁putting ▁much ▁effort ▁into ▁his ▁work . ▁I ▁feel ▁I ▁should ▁have ▁gotten ▁that ▁position . [SEP] ▁That ' s ▁a ▁shame , ▁if ▁that ' s ▁the ▁case ▁then ▁I ▁agree . [SEP] ▁Yea , ▁but ▁to ▁be ▁perfectly ▁honest , ▁I ▁actually ▁don ' t ▁work ▁hard ▁either .	▁oh ▁i ▁see ▁. ▁i ▁am ▁really ▁reliable ▁in ▁my ▁job ▁on ▁other ▁things ▁i ▁am ▁not
▁your ▁person a : ▁i ▁love ▁to ▁go ▁out ▁to ▁eat ▁with ▁my ▁family . [SEP] ▁your ▁person a : ▁i ▁like ▁to ▁go ▁to ▁the ▁movies . [SEP] ▁He ' s ▁a ▁good ▁work er ▁but ▁not ▁as ▁reliable ▁as ▁I ▁am . ▁He ▁is ▁always ▁calling ▁in ▁or ▁not ▁putting ▁much ▁effort ▁into ▁his ▁work . ▁I ▁feel ▁I ▁should ▁have ▁gotten ▁that ▁position . [SEP] ▁That ' s ▁a ▁shame , ▁if ▁that ' s ▁the ▁case ▁then ▁I ▁agree . [SEP] ▁Yea , ▁but ▁to ▁be ▁perfectly ▁honest , ▁I ▁actually ▁don ' t ▁work ▁hard ▁either . [SEP] ▁oh ▁i ▁see ▁. ▁i ▁am ▁really ▁reliable ▁in ▁my ▁job ▁on ▁other ▁things ▁i ▁am ▁not [SEP] ▁Well ▁my ▁problem ▁is ▁that ▁I ▁just ▁never ▁had ▁to ▁really ▁work . ▁I ▁always ▁had ▁money . ▁What ▁things ▁are ▁you ▁not ▁reliable ▁in ?	▁Most ly ▁jobs ▁and ▁children .
▁your ▁person a : ▁i ▁love ▁to ▁go ▁out ▁to ▁eat ▁with ▁my ▁family . [SEP] ▁your ▁person a : ▁i ▁like ▁to ▁go ▁to ▁the ▁movies . [SEP] ▁He ' s ▁a ▁good ▁work er ▁but ▁not ▁as ▁reliable ▁as ▁I ▁am . ▁He ▁is ▁always ▁calling ▁in ▁or ▁not ▁putting ▁much ▁effort ▁into ▁his ▁work . ▁I ▁feel ▁I ▁should ▁have ▁gotten ▁that ▁position . [SEP] ▁That ' s ▁a ▁shame , ▁if ▁that ' s ▁the ▁case ▁then ▁I ▁agree . [SEP] ▁Yea , ▁but ▁to ▁be ▁perfectly ▁honest , ▁I ▁actually ▁don ' t ▁work ▁hard ▁either . [SEP] ▁oh ▁i ▁see ▁. ▁i ▁am ▁really ▁reliable ▁in ▁my ▁job ▁on ▁other ▁things ▁i ▁am ▁not [SEP] ▁Well ▁my ▁problem ▁is ▁that ▁I ▁just ▁never ▁had ▁to ▁really ▁work . ▁I ▁always ▁had ▁money . ▁What ▁things ▁are ▁you ▁not ▁reliable ▁in ? [SEP] ▁Most ly ▁jobs ▁and ▁children . [SEP] ▁What ▁do ▁you ▁mean ▁children ?	▁They ▁are ▁food , ▁shel ter , ▁child ▁care , ▁health ▁care , ▁transport ation , ▁and ▁ut ilities .
▁your ▁person a : ▁i ▁love ▁to ▁go ▁out ▁to ▁eat ▁with ▁my ▁family . [SEP] ▁your ▁person a : ▁i ▁like ▁to ▁go ▁to ▁the ▁movies . [SEP] ▁He ' s ▁a ▁good ▁work er ▁but ▁not ▁as ▁reliable ▁as ▁I ▁am . ▁He ▁is ▁always ▁calling ▁in ▁or ▁not ▁putting ▁much ▁effort ▁into ▁his ▁work . ▁I ▁feel ▁I ▁should ▁have ▁gotten ▁that ▁position . [SEP] ▁That ' s ▁a ▁shame , ▁if ▁that ' s ▁the ▁case ▁then ▁I ▁agree . [SEP] ▁Yea , ▁but ▁to ▁be ▁perfectly ▁honest , ▁I ▁actually ▁don ' t ▁work ▁hard ▁either . [SEP] ▁oh ▁i ▁see ▁. ▁i ▁am ▁really ▁reliable ▁in ▁my ▁job ▁on ▁other ▁things ▁i ▁am ▁not [SEP] ▁Well ▁my ▁problem ▁is ▁that ▁I ▁just ▁never ▁had ▁to ▁really ▁work . ▁I ▁always ▁had ▁money . ▁What ▁things ▁are ▁you ▁not ▁reliable ▁in ? [SEP] ▁Most ly ▁jobs ▁and ▁children . [SEP] ▁What ▁do ▁you ▁mean ▁children ? [SEP] ▁They ▁are ▁food , ▁shel ter , ▁child ▁care , ▁health ▁care , ▁transport ation , ▁and ▁ut ilities . [SEP] ▁Ok , ▁Im ▁pretty ▁confused ▁as ▁to ▁what ▁you ▁mean , ▁but ▁that ▁sounds ▁like ▁a ▁lot .	▁it ▁is ▁a ▁lot ▁to ▁take ▁care ▁of ▁because ▁kids ▁are ▁a ▁lot ▁of ▁responsibility
▁your ▁person a : ▁i ▁love ▁to ▁go ▁out ▁to ▁eat ▁with ▁my ▁family . [SEP] ▁your ▁person a : ▁i ▁like ▁to ▁go ▁to ▁the ▁movies . [SEP] ▁He ' s ▁a ▁good ▁work er ▁but ▁not ▁as ▁reliable ▁as ▁I ▁am . ▁He ▁is ▁always ▁calling ▁in ▁or ▁not ▁putting ▁much ▁effort ▁into ▁his ▁work . ▁I ▁feel ▁I ▁should ▁have ▁gotten ▁that ▁position . [SEP] ▁That ' s ▁a ▁shame , ▁if ▁that ' s ▁the ▁case ▁then ▁I ▁agree . [SEP] ▁Yea , ▁but ▁to ▁be ▁perfectly ▁honest , ▁I ▁actually ▁don ' t ▁work ▁hard ▁either . [SEP] ▁oh ▁i ▁see ▁. ▁i ▁am ▁really ▁reliable ▁in ▁my ▁job ▁on ▁other ▁things ▁i ▁am ▁not [SEP] ▁Well ▁my ▁problem ▁is ▁that ▁I ▁just ▁never ▁had ▁to ▁really ▁work . ▁I ▁always ▁had ▁money . ▁What ▁things ▁are ▁you ▁not ▁reliable ▁in ? [SEP] ▁Most ly ▁jobs ▁and ▁children . [SEP] ▁What ▁do ▁you ▁mean ▁children ? [SEP] ▁They ▁are ▁food , ▁shel ter , ▁child ▁care , ▁health ▁care , ▁transport ation , ▁and ▁ut ilities . [SEP] ▁Ok , ▁Im ▁pretty ▁confused ▁as ▁to ▁what ▁you ▁mean , ▁but ▁that ▁sounds ▁like ▁a ▁lot . [SEP] ▁it ▁is ▁a ▁lot ▁to ▁take ▁care ▁of ▁because ▁kids ▁are ▁a ▁lot ▁of ▁responsibility [SEP] ▁I ▁see . ▁Well ▁good ▁luck ▁with ▁that , ▁I ▁wouldn ' t ▁know ▁because ▁I ▁don ' t ▁have ▁kids ▁yet .	▁oh ▁well ▁thank ▁you ▁. ▁what ▁else ▁should ▁i ▁know ▁about ▁you ▁?
▁your ▁person a : ▁i ▁love ▁to ▁go ▁out ▁to ▁eat ▁with ▁my ▁family . [SEP] ▁your ▁person a : ▁i ▁like ▁to ▁go ▁to ▁the ▁movies . [SEP] ▁He ' s ▁a ▁good ▁work er ▁but ▁not ▁as ▁reliable ▁as ▁I ▁am . ▁He ▁is ▁always ▁calling ▁in ▁or ▁not ▁putting ▁much ▁effort ▁into ▁his ▁work . ▁I ▁feel ▁I ▁should ▁have ▁gotten ▁that ▁position . [SEP] ▁That ' s ▁a ▁shame , ▁if ▁that ' s ▁the ▁case ▁then ▁I ▁agree . [SEP] ▁Yea , ▁but ▁to ▁be ▁perfectly ▁honest , ▁I ▁actually ▁don ' t ▁work ▁hard ▁either . [SEP] ▁oh ▁i ▁see ▁. ▁i ▁am ▁really ▁reliable ▁in ▁my ▁job ▁on ▁other ▁things ▁i ▁am ▁not [SEP] ▁Well ▁my ▁problem ▁is ▁that ▁I ▁just ▁never ▁had ▁to ▁really ▁work . ▁I ▁always ▁had ▁money . ▁What ▁things ▁are ▁you ▁not ▁reliable ▁in ? [SEP] ▁Most ly ▁jobs ▁and ▁children . [SEP] ▁What ▁do ▁you ▁mean ▁children ? [SEP] ▁They ▁are ▁food , ▁shel ter , ▁child ▁care , ▁health ▁care , ▁transport ation , ▁and ▁ut ilities . [SEP] ▁Ok , ▁Im ▁pretty ▁confused ▁as ▁to ▁what ▁you ▁mean , ▁but ▁that ▁sounds ▁like ▁a ▁lot . [SEP] ▁it ▁is ▁a ▁lot ▁to ▁take ▁care ▁of ▁because ▁kids ▁are ▁a ▁lot ▁of ▁responsibility [SEP] ▁I ▁see . ▁Well ▁good ▁luck ▁with ▁that , ▁I ▁wouldn ' t ▁know ▁because ▁I ▁don ' t ▁have ▁kids ▁yet . [SEP] ▁oh ▁well ▁thank ▁you ▁. ▁what ▁else ▁should ▁i ▁know ▁about ▁you ▁? [SEP] ▁Well , ▁Im ▁going ▁through ▁some ▁drama ▁right ▁now ▁with ▁my ▁sister ▁in ▁law , ▁she ▁hates ▁me .	▁F am ily ▁confl ict ▁is ▁always ▁hard . ▁Maybe ▁you ▁should ▁be ▁the ▁big ger ▁man ▁and ▁work ▁for ▁peace
▁your ▁person a : ▁i ▁work ▁as ▁a ▁teacher ▁and ▁love ▁my ▁job . [SEP] ▁your ▁person a : ▁i ' ve ▁two ▁dogs ▁who ▁are ▁like ▁my ▁babies . [SEP] ▁My ▁boss ▁earn s ▁way ▁more ▁money ▁than ▁me ▁for ▁less ▁work . [SEP] ▁That ▁must ▁be ▁so ▁annoying . ▁You ▁should ▁ask ▁for ▁a ▁pay ▁raise . [SEP] ▁yeah , ▁i ▁think ▁i ▁will !	▁I ▁love ▁my ▁job ▁as ▁a ▁teacher ▁but ▁would ▁also ▁like ▁to ▁ass k ▁for ▁a ▁raise
▁your ▁person a : ▁i ▁work ▁as ▁a ▁teacher ▁and ▁love ▁my ▁job . [SEP] ▁your ▁person a : ▁i ' ve ▁two ▁dogs ▁who ▁are ▁like ▁my ▁babies . [SEP] ▁My ▁boss ▁earn s ▁way ▁more ▁money ▁than ▁me ▁for ▁less ▁work . [SEP] ▁That ▁must ▁be ▁so ▁annoying . ▁You ▁should ▁ask ▁for ▁a ▁pay ▁raise . [SEP] ▁yeah , ▁i ▁think ▁i ▁will ! [SEP] ▁I ▁love ▁my ▁job ▁as ▁a ▁teacher ▁but ▁would ▁also ▁like ▁to ▁ass k ▁for ▁a ▁raise [SEP] ▁who ▁do ▁you ▁ask ? ▁aren ' t ▁teacher ▁sal aries ▁decided ▁by ▁some ▁sort ▁of ... ▁thing , ▁or ▁whatever ? ▁i ▁love ▁my ▁family .	▁I ▁would ▁ask ▁the ▁school ▁board ▁they ▁base ▁it ▁on ▁how ▁long ▁you ' ve ▁been ▁there ▁and ▁test ▁score s
▁your ▁person a : ▁i ▁work ▁as ▁a ▁teacher ▁and ▁love ▁my ▁job . [SEP] ▁your ▁person a : ▁i ' ve ▁two ▁dogs ▁who ▁are ▁like ▁my ▁babies . [SEP] ▁My ▁boss ▁earn s ▁way ▁more ▁money ▁than ▁me ▁for ▁less ▁work . [SEP] ▁That ▁must ▁be ▁so ▁annoying . ▁You ▁should ▁ask ▁for ▁a ▁pay ▁raise . [SEP] ▁yeah , ▁i ▁think ▁i ▁will ! [SEP] ▁I ▁love ▁my ▁job ▁as ▁a ▁teacher ▁but ▁would ▁also ▁like ▁to ▁ass k ▁for ▁a ▁raise [SEP] ▁who ▁do ▁you ▁ask ? ▁aren ' t ▁teacher ▁sal aries ▁decided ▁by ▁some ▁sort ▁of ... ▁thing , ▁or ▁whatever ? ▁i ▁love ▁my ▁family . [SEP] ▁I ▁would ▁ask ▁the ▁school ▁board ▁they ▁base ▁it ▁on ▁how ▁long ▁you ' ve ▁been ▁there ▁and ▁test ▁score s [SEP] ▁how ▁would ▁the ▁princip al ▁feel ▁about ▁you ▁going ▁behind ▁his ▁back ?	▁Not ▁sure , ▁I ▁suppose ▁I ▁could ▁sit ▁down ▁and ▁discuss ▁it ▁with ▁him . ▁What ▁kind ▁of ▁work ▁do ▁you ▁do ?
▁your ▁person a : ▁i ▁work ▁as ▁a ▁teacher ▁and ▁love ▁my ▁job . [SEP] ▁your ▁person a : ▁i ' ve ▁two ▁dogs ▁who ▁are ▁like ▁my ▁babies . [SEP] ▁My ▁boss ▁earn s ▁way ▁more ▁money ▁than ▁me ▁for ▁less ▁work . [SEP] ▁That ▁must ▁be ▁so ▁annoying . ▁You ▁should ▁ask ▁for ▁a ▁pay ▁raise . [SEP] ▁yeah , ▁i ▁think ▁i ▁will ! [SEP] ▁I ▁love ▁my ▁job ▁as ▁a ▁teacher ▁but ▁would ▁also ▁like ▁to ▁ass k ▁for ▁a ▁raise [SEP] ▁who ▁do ▁you ▁ask ? ▁aren ' t ▁teacher ▁sal aries ▁decided ▁by ▁some ▁sort ▁of ... ▁thing , ▁or ▁whatever ? ▁i ▁love ▁my ▁family . [SEP] ▁I ▁would ▁ask ▁the ▁school ▁board ▁they ▁base ▁it ▁on ▁how ▁long ▁you ' ve ▁been ▁there ▁and ▁test ▁score s [SEP] ▁how ▁would ▁the ▁princip al ▁feel ▁about ▁you ▁going ▁behind ▁his ▁back ? [SEP] ▁Not ▁sure , ▁I ▁suppose ▁I ▁could ▁sit ▁down ▁and ▁discuss ▁it ▁with ▁him . ▁What ▁kind ▁of ▁work ▁do ▁you ▁do ? [SEP] ▁i ' m ▁a ▁garbage ▁man , ▁although ▁i ' m ▁a ▁woman . ▁my ▁boss ▁drives ▁the ▁truck , ▁but ▁i ' m ▁more ▁qual ified , ▁really .	▁I ' ve ▁never ▁dri ven ▁a ▁truck , ▁only ▁small ▁veh icles ! ▁How ' s ▁that ▁working ▁out ▁for ▁you ? ▁My ▁two ▁dogs ▁would ▁love ▁to ▁ride ▁along ▁if ▁I ▁did ▁that
▁your ▁person a : ▁i ▁work ▁as ▁a ▁teacher ▁and ▁love ▁my ▁job . [SEP] ▁your ▁person a : ▁i ' ve ▁two ▁dogs ▁who ▁are ▁like ▁my ▁babies . [SEP] ▁My ▁boss ▁earn s ▁way ▁more ▁money ▁than ▁me ▁for ▁less ▁work . [SEP] ▁That ▁must ▁be ▁so ▁annoying . ▁You ▁should ▁ask ▁for ▁a ▁pay ▁raise . [SEP] ▁yeah , ▁i ▁think ▁i ▁will ! [SEP] ▁I ▁love ▁my ▁job ▁as ▁a ▁teacher ▁but ▁would ▁also ▁like ▁to ▁ass k ▁for ▁a ▁raise [SEP] ▁who ▁do ▁you ▁ask ? ▁aren ' t ▁teacher ▁sal aries ▁decided ▁by ▁some ▁sort ▁of ... ▁thing , ▁or ▁whatever ? ▁i ▁love ▁my ▁family . [SEP] ▁I ▁would ▁ask ▁the ▁school ▁board ▁they ▁base ▁it ▁on ▁how ▁long ▁you ' ve ▁been ▁there ▁and ▁test ▁score s [SEP] ▁how ▁would ▁the ▁princip al ▁feel ▁about ▁you ▁going ▁behind ▁his ▁back ? [SEP] ▁Not ▁sure , ▁I ▁suppose ▁I ▁could ▁sit ▁down ▁and ▁discuss ▁it ▁with ▁him . ▁What ▁kind ▁of ▁work ▁do ▁you ▁do ? [SEP] ▁i ' m ▁a ▁garbage ▁man , ▁although ▁i ' m ▁a ▁woman . ▁my ▁boss ▁drives ▁the ▁truck , ▁but ▁i ' m ▁more ▁qual ified , ▁really . [SEP] ▁I ' ve ▁never ▁dri ven ▁a ▁truck , ▁only ▁small ▁veh icles ! ▁How ' s ▁that ▁working ▁out ▁for ▁you ? ▁My ▁two ▁dogs ▁would ▁love ▁to ▁ride ▁along ▁if ▁I ▁did ▁that [SEP] ▁dogs ▁would ▁for ▁sure ▁love ▁a ▁big ▁truck ▁full ▁of ▁garbage . ▁i ▁th ik ▁i ' m ▁the ▁top ▁20 ▁or ▁so ▁best ▁garbage ▁men ▁in ▁the ▁area	▁oh ▁wow ▁that ▁is ▁impressive ▁. ▁must ▁be ▁an ▁extremely ▁difficult ▁job ▁.
▁your ▁person a : ▁i ▁work ▁as ▁a ▁teacher ▁and ▁love ▁my ▁job . [SEP] ▁your ▁person a : ▁i ' ve ▁two ▁dogs ▁who ▁are ▁like ▁my ▁babies . [SEP] ▁My ▁boss ▁earn s ▁way ▁more ▁money ▁than ▁me ▁for ▁less ▁work . [SEP] ▁That ▁must ▁be ▁so ▁annoying . ▁You ▁should ▁ask ▁for ▁a ▁pay ▁raise . [SEP] ▁yeah , ▁i ▁think ▁i ▁will ! [SEP] ▁I ▁love ▁my ▁job ▁as ▁a ▁teacher ▁but ▁would ▁also ▁like ▁to ▁ass k ▁for ▁a ▁raise [SEP] ▁who ▁do ▁you ▁ask ? ▁aren ' t ▁teacher ▁sal aries ▁decided ▁by ▁some ▁sort ▁of ... ▁thing , ▁or ▁whatever ? ▁i ▁love ▁my ▁family . [SEP] ▁I ▁would ▁ask ▁the ▁school ▁board ▁they ▁base ▁it ▁on ▁how ▁long ▁you ' ve ▁been ▁there ▁and ▁test ▁score s [SEP] ▁how ▁would ▁the ▁princip al ▁feel ▁about ▁you ▁going ▁behind ▁his ▁back ? [SEP] ▁Not ▁sure , ▁I ▁suppose ▁I ▁could ▁sit ▁down ▁and ▁discuss ▁it ▁with ▁him . ▁What ▁kind ▁of ▁work ▁do ▁you ▁do ? [SEP] ▁i ' m ▁a ▁garbage ▁man , ▁although ▁i ' m ▁a ▁woman . ▁my ▁boss ▁drives ▁the ▁truck , ▁but ▁i ' m ▁more ▁qual ified , ▁really . [SEP] ▁I ' ve ▁never ▁dri ven ▁a ▁truck , ▁only ▁small ▁veh icles ! ▁How ' s ▁that ▁working ▁out ▁for ▁you ? ▁My ▁two ▁dogs ▁would ▁love ▁to ▁ride ▁along ▁if ▁I ▁did ▁that [SEP] ▁dogs ▁would ▁for ▁sure ▁love ▁a ▁big ▁truck ▁full ▁of ▁garbage . ▁i ▁th ik ▁i ' m ▁the ▁top ▁20 ▁or ▁so ▁best ▁garbage ▁men ▁in ▁the ▁area [SEP] ▁oh ▁wow ▁that ▁is ▁impressive ▁. ▁must ▁be ▁an ▁extremely ▁difficult ▁job ▁. [SEP] ▁no . l it erally ▁anyone ▁could ▁do ▁it . ▁you ▁just ▁pick ▁up ▁garbage . ▁it ' s ▁not ▁as ▁easy ▁as ▁teaching , ▁im ▁sure , ▁but s ▁it t akes ▁no ▁skill	▁If ▁you ▁have ▁pat ience ▁teaching ▁is ▁great ▁but ▁they ▁test ▁your ▁ner ves ▁every ▁day
▁your ▁person a : ▁i ▁have ▁woman ▁calling ▁me ▁all ▁the ▁time . [SEP] ▁your ▁person a : ▁i ▁was ▁once ▁offered ▁to ▁play ▁basketball ▁profess ionally . [SEP] ▁I ▁got ▁really ▁joy ful ▁when ▁my ▁dad ▁got ▁me ▁my ▁first ▁vehicle . ▁It ▁was ▁just ▁a ▁happy ▁feeling [SEP] ▁Yeah . ▁I ▁know ▁that ▁feeling . , ▁although ▁I ▁had ▁to ▁buy ▁my ▁own . [SEP] ▁The ▁vehicle ▁was ▁exactly ▁what ▁I ▁wanted , ▁a ▁newer ▁model ▁sports ▁car .	▁That ▁was ▁a ▁good ▁choice , ▁What ▁kind ▁of ▁car ▁was ▁it ?
▁your ▁person a : ▁i ▁have ▁woman ▁calling ▁me ▁all ▁the ▁time . [SEP] ▁your ▁person a : ▁i ▁was ▁once ▁offered ▁to ▁play ▁basketball ▁profess ionally . [SEP] ▁I ▁got ▁really ▁joy ful ▁when ▁my ▁dad ▁got ▁me ▁my ▁first ▁vehicle . ▁It ▁was ▁just ▁a ▁happy ▁feeling [SEP] ▁Yeah . ▁I ▁know ▁that ▁feeling . , ▁although ▁I ▁had ▁to ▁buy ▁my ▁own . [SEP] ▁The ▁vehicle ▁was ▁exactly ▁what ▁I ▁wanted , ▁a ▁newer ▁model ▁sports ▁car . [SEP] ▁That ▁was ▁a ▁good ▁choice , ▁What ▁kind ▁of ▁car ▁was ▁it ? [SEP] ▁A ▁Must ang ▁GT , ▁con vert ible	▁Nice ! ▁Too ▁bad ▁you ▁couldn ' t ▁get ▁your ▁hands ▁on ▁a ▁19 6 3 ▁Must ang ▁II . ▁That ' s ▁my ▁favorite ▁car .
▁your ▁person a : ▁i ▁have ▁woman ▁calling ▁me ▁all ▁the ▁time . [SEP] ▁your ▁person a : ▁i ▁was ▁once ▁offered ▁to ▁play ▁basketball ▁profess ionally . [SEP] ▁I ▁got ▁really ▁joy ful ▁when ▁my ▁dad ▁got ▁me ▁my ▁first ▁vehicle . ▁It ▁was ▁just ▁a ▁happy ▁feeling [SEP] ▁Yeah . ▁I ▁know ▁that ▁feeling . , ▁although ▁I ▁had ▁to ▁buy ▁my ▁own . [SEP] ▁The ▁vehicle ▁was ▁exactly ▁what ▁I ▁wanted , ▁a ▁newer ▁model ▁sports ▁car . [SEP] ▁That ▁was ▁a ▁good ▁choice , ▁What ▁kind ▁of ▁car ▁was ▁it ? [SEP] ▁A ▁Must ang ▁GT , ▁con vert ible [SEP] ▁Nice ! ▁Too ▁bad ▁you ▁couldn ' t ▁get ▁your ▁hands ▁on ▁a ▁19 6 3 ▁Must ang ▁II . ▁That ' s ▁my ▁favorite ▁car . [SEP] ▁A ▁few ▁years ▁ago ▁I ▁helped ▁with ▁a ▁rest or ation ▁on ▁a ▁6 7. ▁It ▁was ▁absolutely ▁gorgeous .	▁That ▁sounds ▁awesome . ▁Did ▁you ▁rest ore ▁it ▁with ▁your ▁dad ?
▁your ▁person a : ▁d ancing ▁is ▁my ▁passion . [SEP] ▁your ▁person a : ▁i ' m ▁terrible ▁at ▁math . [SEP] ▁D ance [SEP] ▁I ▁enjoy ▁dance ▁a ▁lot ▁as ▁well , ▁my ▁daughter ▁does ▁tap ▁d ancing . ▁What ▁kind ▁of ▁d ancing ▁do ▁you ▁like ▁most ? [SEP] ▁I ▁don ' t ▁have ▁a ▁particular ▁favorite ▁style , ▁but ▁I ' ve ▁always ▁thought ▁tap ▁was ▁the ▁odd ▁one , ▁even ▁though ▁you ▁see ▁it ▁all ▁the ▁time ▁on ▁Bro ad way . [SEP] ▁T ap ▁is ▁pretty ▁odd ▁compared ▁to ▁the ▁others . ▁My ▁daughter ▁loves ▁ball et .	▁i ▁love ▁broad way ▁shows ▁, ▁so ▁this ▁was ▁the ▁closest ▁thing ▁i ▁had ▁.
▁your ▁person a : ▁d ancing ▁is ▁my ▁passion . [SEP] ▁your ▁person a : ▁i ' m ▁terrible ▁at ▁math . [SEP] ▁D ance [SEP] ▁I ▁enjoy ▁dance ▁a ▁lot ▁as ▁well , ▁my ▁daughter ▁does ▁tap ▁d ancing . ▁What ▁kind ▁of ▁d ancing ▁do ▁you ▁like ▁most ? [SEP] ▁I ▁don ' t ▁have ▁a ▁particular ▁favorite ▁style , ▁but ▁I ' ve ▁always ▁thought ▁tap ▁was ▁the ▁odd ▁one , ▁even ▁though ▁you ▁see ▁it ▁all ▁the ▁time ▁on ▁Bro ad way . [SEP] ▁T ap ▁is ▁pretty ▁odd ▁compared ▁to ▁the ▁others . ▁My ▁daughter ▁loves ▁ball et . [SEP] ▁i ▁love ▁broad way ▁shows ▁, ▁so ▁this ▁was ▁the ▁closest ▁thing ▁i ▁had ▁. [SEP] ▁Yea , ▁well ▁keep ▁it ▁up , ▁maybe ▁one ▁day ▁you ' ll ▁be ▁on ▁broad way .	▁i ▁hope ▁so . ▁i ' m ▁so ▁bad ▁at ▁math . ▁they ▁count ▁5 , 6 , 7 , 8 ! ▁at ▁the ▁beginning , ▁and ▁i ▁wish ▁they ▁would ▁stick ▁to ▁smaller ▁numbers
▁your ▁person a : ▁d ancing ▁is ▁my ▁passion . [SEP] ▁your ▁person a : ▁i ' m ▁terrible ▁at ▁math . [SEP] ▁D ance [SEP] ▁I ▁enjoy ▁dance ▁a ▁lot ▁as ▁well , ▁my ▁daughter ▁does ▁tap ▁d ancing . ▁What ▁kind ▁of ▁d ancing ▁do ▁you ▁like ▁most ? [SEP] ▁I ▁don ' t ▁have ▁a ▁particular ▁favorite ▁style , ▁but ▁I ' ve ▁always ▁thought ▁tap ▁was ▁the ▁odd ▁one , ▁even ▁though ▁you ▁see ▁it ▁all ▁the ▁time ▁on ▁Bro ad way . [SEP] ▁T ap ▁is ▁pretty ▁odd ▁compared ▁to ▁the ▁others . ▁My ▁daughter ▁loves ▁ball et . [SEP] ▁i ▁love ▁broad way ▁shows ▁, ▁so ▁this ▁was ▁the ▁closest ▁thing ▁i ▁had ▁. [SEP] ▁Yea , ▁well ▁keep ▁it ▁up , ▁maybe ▁one ▁day ▁you ' ll ▁be ▁on ▁broad way . [SEP] ▁i ▁hope ▁so . ▁i ' m ▁so ▁bad ▁at ▁math . ▁they ▁count ▁5 , 6 , 7 , 8 ! ▁at ▁the ▁beginning , ▁and ▁i ▁wish ▁they ▁would ▁stick ▁to ▁smaller ▁numbers [SEP] ▁hah ah ▁that ' s ▁funny . ▁I ▁believe ▁in ▁you ▁though , ▁you ▁can ▁over come ▁that .	▁it ' s ▁like ▁a ▁ch or us ▁line . ▁the ▁mus ical ▁with ▁actor ▁m ich ael ▁dou gl ass . ▁have ▁you ▁seen ▁it /
▁your ▁person a : ▁d ancing ▁is ▁my ▁passion . [SEP] ▁your ▁person a : ▁i ' m ▁terrible ▁at ▁math . [SEP] ▁D ance [SEP] ▁I ▁enjoy ▁dance ▁a ▁lot ▁as ▁well , ▁my ▁daughter ▁does ▁tap ▁d ancing . ▁What ▁kind ▁of ▁d ancing ▁do ▁you ▁like ▁most ? [SEP] ▁I ▁don ' t ▁have ▁a ▁particular ▁favorite ▁style , ▁but ▁I ' ve ▁always ▁thought ▁tap ▁was ▁the ▁odd ▁one , ▁even ▁though ▁you ▁see ▁it ▁all ▁the ▁time ▁on ▁Bro ad way . [SEP] ▁T ap ▁is ▁pretty ▁odd ▁compared ▁to ▁the ▁others . ▁My ▁daughter ▁loves ▁ball et . [SEP] ▁i ▁love ▁broad way ▁shows ▁, ▁so ▁this ▁was ▁the ▁closest ▁thing ▁i ▁had ▁. [SEP] ▁Yea , ▁well ▁keep ▁it ▁up , ▁maybe ▁one ▁day ▁you ' ll ▁be ▁on ▁broad way . [SEP] ▁i ▁hope ▁so . ▁i ' m ▁so ▁bad ▁at ▁math . ▁they ▁count ▁5 , 6 , 7 , 8 ! ▁at ▁the ▁beginning , ▁and ▁i ▁wish ▁they ▁would ▁stick ▁to ▁smaller ▁numbers [SEP] ▁hah ah ▁that ' s ▁funny . ▁I ▁believe ▁in ▁you ▁though , ▁you ▁can ▁over come ▁that . [SEP] ▁it ' s ▁like ▁a ▁ch or us ▁line . ▁the ▁mus ical ▁with ▁actor ▁m ich ael ▁dou gl ass . ▁have ▁you ▁seen ▁it / [SEP] ▁No ▁I ▁haven ' t , ▁I ▁don ' t ▁watch ▁movies ▁very ▁often . ▁Im ▁usually ▁out ▁at ▁club s ▁people ▁watching .	▁when ▁do ▁you ▁think ▁you ' ll ▁get ▁a ▁chance ▁to ▁catch ▁up ▁on ▁some ▁film ? ▁I ▁love ▁d ancing , ▁but ▁when ▁I ' m ▁not ▁t read ing ▁the ▁bo ards , ▁I ▁love ▁watching ▁tv
▁your ▁person a : ▁d ancing ▁is ▁my ▁passion . [SEP] ▁your ▁person a : ▁i ' m ▁terrible ▁at ▁math . [SEP] ▁D ance [SEP] ▁I ▁enjoy ▁dance ▁a ▁lot ▁as ▁well , ▁my ▁daughter ▁does ▁tap ▁d ancing . ▁What ▁kind ▁of ▁d ancing ▁do ▁you ▁like ▁most ? [SEP] ▁I ▁don ' t ▁have ▁a ▁particular ▁favorite ▁style , ▁but ▁I ' ve ▁always ▁thought ▁tap ▁was ▁the ▁odd ▁one , ▁even ▁though ▁you ▁see ▁it ▁all ▁the ▁time ▁on ▁Bro ad way . [SEP] ▁T ap ▁is ▁pretty ▁odd ▁compared ▁to ▁the ▁others . ▁My ▁daughter ▁loves ▁ball et . [SEP] ▁i ▁love ▁broad way ▁shows ▁, ▁so ▁this ▁was ▁the ▁closest ▁thing ▁i ▁had ▁. [SEP] ▁Yea , ▁well ▁keep ▁it ▁up , ▁maybe ▁one ▁day ▁you ' ll ▁be ▁on ▁broad way . [SEP] ▁i ▁hope ▁so . ▁i ' m ▁so ▁bad ▁at ▁math . ▁they ▁count ▁5 , 6 , 7 , 8 ! ▁at ▁the ▁beginning , ▁and ▁i ▁wish ▁they ▁would ▁stick ▁to ▁smaller ▁numbers [SEP] ▁hah ah ▁that ' s ▁funny . ▁I ▁believe ▁in ▁you ▁though , ▁you ▁can ▁over come ▁that . [SEP] ▁it ' s ▁like ▁a ▁ch or us ▁line . ▁the ▁mus ical ▁with ▁actor ▁m ich ael ▁dou gl ass . ▁have ▁you ▁seen ▁it / [SEP] ▁No ▁I ▁haven ' t , ▁I ▁don ' t ▁watch ▁movies ▁very ▁often . ▁Im ▁usually ▁out ▁at ▁club s ▁people ▁watching . [SEP] ▁when ▁do ▁you ▁think ▁you ' ll ▁get ▁a ▁chance ▁to ▁catch ▁up ▁on ▁some ▁film ? ▁I ▁love ▁d ancing , ▁but ▁when ▁I ' m ▁not ▁t read ing ▁the ▁bo ards , ▁I ▁love ▁watching ▁tv [SEP] ▁Probably ▁not ▁for ▁a ▁while . ▁I ▁just ▁bought ▁a ▁new ▁j ag u ar ▁and ▁I ▁try ▁to ▁get ▁out ▁and ▁just ▁drive ▁around ▁and ▁show ▁it ▁off ▁as ▁much ▁as ▁possible .	▁wow , ▁i ▁love ▁animals . ▁What ▁does ▁it ▁eat ?
▁your ▁person a : ▁d ancing ▁is ▁my ▁passion . [SEP] ▁your ▁person a : ▁i ' m ▁terrible ▁at ▁math . [SEP] ▁D ance [SEP] ▁I ▁enjoy ▁dance ▁a ▁lot ▁as ▁well , ▁my ▁daughter ▁does ▁tap ▁d ancing . ▁What ▁kind ▁of ▁d ancing ▁do ▁you ▁like ▁most ? [SEP] ▁I ▁don ' t ▁have ▁a ▁particular ▁favorite ▁style , ▁but ▁I ' ve ▁always ▁thought ▁tap ▁was ▁the ▁odd ▁one , ▁even ▁though ▁you ▁see ▁it ▁all ▁the ▁time ▁on ▁Bro ad way . [SEP] ▁T ap ▁is ▁pretty ▁odd ▁compared ▁to ▁the ▁others . ▁My ▁daughter ▁loves ▁ball et . [SEP] ▁i ▁love ▁broad way ▁shows ▁, ▁so ▁this ▁was ▁the ▁closest ▁thing ▁i ▁had ▁. [SEP] ▁Yea , ▁well ▁keep ▁it ▁up , ▁maybe ▁one ▁day ▁you ' ll ▁be ▁on ▁broad way . [SEP] ▁i ▁hope ▁so . ▁i ' m ▁so ▁bad ▁at ▁math . ▁they ▁count ▁5 , 6 , 7 , 8 ! ▁at ▁the ▁beginning , ▁and ▁i ▁wish ▁they ▁would ▁stick ▁to ▁smaller ▁numbers [SEP] ▁hah ah ▁that ' s ▁funny . ▁I ▁believe ▁in ▁you ▁though , ▁you ▁can ▁over come ▁that . [SEP] ▁it ' s ▁like ▁a ▁ch or us ▁line . ▁the ▁mus ical ▁with ▁actor ▁m ich ael ▁dou gl ass . ▁have ▁you ▁seen ▁it / [SEP] ▁No ▁I ▁haven ' t , ▁I ▁don ' t ▁watch ▁movies ▁very ▁often . ▁Im ▁usually ▁out ▁at ▁club s ▁people ▁watching . [SEP] ▁when ▁do ▁you ▁think ▁you ' ll ▁get ▁a ▁chance ▁to ▁catch ▁up ▁on ▁some ▁film ? ▁I ▁love ▁d ancing , ▁but ▁when ▁I ' m ▁not ▁t read ing ▁the ▁bo ards , ▁I ▁love ▁watching ▁tv [SEP] ▁Probably ▁not ▁for ▁a ▁while . ▁I ▁just ▁bought ▁a ▁new ▁j ag u ar ▁and ▁I ▁try ▁to ▁get ▁out ▁and ▁just ▁drive ▁around ▁and ▁show ▁it ▁off ▁as ▁much ▁as ▁possible . [SEP] ▁wow , ▁i ▁love ▁animals . ▁What ▁does ▁it ▁eat ? [SEP] ▁Haha ▁the ▁car ▁not ▁the ▁animal . ▁A ▁j ag u ar ▁would ▁eat ▁me ▁as ▁I ▁tried ▁to ▁feed ▁it ▁for ▁sure .	▁do ▁you ▁h ink ▁people ▁like ▁looking ▁at ▁you ▁r ▁car ? ▁I ▁heard ▁they ▁are ▁hard ▁to ▁maintain
▁your ▁person a : ▁i ' m ▁a ▁reality ▁tv ▁star . [SEP] ▁your ▁person a : ▁i ▁listen ▁to ▁country ▁music . [SEP] ▁i ▁wish ▁i ▁was ▁there [SEP] ▁i ▁saw ▁lots ▁of ▁animals ▁. ▁remind ed ▁me ▁of ▁when ▁i ▁worked ▁for ▁a ▁circ us ▁. [SEP] ▁You ▁worked ▁for ▁a ▁circ us ? ▁Tell ▁me ▁you ▁j ugg led ▁while ▁riding ▁a ▁un icy cle ▁and ▁had ▁a ▁mon key ▁on ▁your ▁shoulder .	▁No , ▁I ▁couldn ' t ▁do ▁that .
▁your ▁person a : ▁i ' m ▁a ▁reality ▁tv ▁star . [SEP] ▁your ▁person a : ▁i ▁listen ▁to ▁country ▁music . [SEP] ▁i ▁wish ▁i ▁was ▁there [SEP] ▁i ▁saw ▁lots ▁of ▁animals ▁. ▁remind ed ▁me ▁of ▁when ▁i ▁worked ▁for ▁a ▁circ us ▁. [SEP] ▁You ▁worked ▁for ▁a ▁circ us ? ▁Tell ▁me ▁you ▁j ugg led ▁while ▁riding ▁a ▁un icy cle ▁and ▁had ▁a ▁mon key ▁on ▁your ▁shoulder . [SEP] ▁No , ▁I ▁couldn ' t ▁do ▁that . [SEP] ▁Me ▁neither , ▁but ▁that ▁might ▁be ▁because ▁I ▁like ▁to ▁drink ... a ▁lot .	▁I ▁drink ▁a ▁lot ▁too ▁because ▁I ▁am ▁a ▁reality ▁tv ▁star ▁and ▁it ▁is ▁stress ful
▁your ▁person a : ▁i ' m ▁a ▁reality ▁tv ▁star . [SEP] ▁your ▁person a : ▁i ▁listen ▁to ▁country ▁music . [SEP] ▁i ▁wish ▁i ▁was ▁there [SEP] ▁i ▁saw ▁lots ▁of ▁animals ▁. ▁remind ed ▁me ▁of ▁when ▁i ▁worked ▁for ▁a ▁circ us ▁. [SEP] ▁You ▁worked ▁for ▁a ▁circ us ? ▁Tell ▁me ▁you ▁j ugg led ▁while ▁riding ▁a ▁un icy cle ▁and ▁had ▁a ▁mon key ▁on ▁your ▁shoulder . [SEP] ▁No , ▁I ▁couldn ' t ▁do ▁that . [SEP] ▁Me ▁neither , ▁but ▁that ▁might ▁be ▁because ▁I ▁like ▁to ▁drink ... a ▁lot . [SEP] ▁I ▁drink ▁a ▁lot ▁too ▁because ▁I ▁am ▁a ▁reality ▁tv ▁star ▁and ▁it ▁is ▁stress ful [SEP] ▁Are ▁you ▁famous ? ▁I ' m ▁kind ▁of ▁famous ▁in ▁my ▁own ▁town .	▁yes , ▁i ▁am ▁famous . ▁what ▁type ▁of ▁music ▁do ▁you ▁listen ▁to ?
▁your ▁person a : ▁i ' m ▁a ▁reality ▁tv ▁star . [SEP] ▁your ▁person a : ▁i ▁listen ▁to ▁country ▁music . [SEP] ▁i ▁wish ▁i ▁was ▁there [SEP] ▁i ▁saw ▁lots ▁of ▁animals ▁. ▁remind ed ▁me ▁of ▁when ▁i ▁worked ▁for ▁a ▁circ us ▁. [SEP] ▁You ▁worked ▁for ▁a ▁circ us ? ▁Tell ▁me ▁you ▁j ugg led ▁while ▁riding ▁a ▁un icy cle ▁and ▁had ▁a ▁mon key ▁on ▁your ▁shoulder . [SEP] ▁No , ▁I ▁couldn ' t ▁do ▁that . [SEP] ▁Me ▁neither , ▁but ▁that ▁might ▁be ▁because ▁I ▁like ▁to ▁drink ... a ▁lot . [SEP] ▁I ▁drink ▁a ▁lot ▁too ▁because ▁I ▁am ▁a ▁reality ▁tv ▁star ▁and ▁it ▁is ▁stress ful [SEP] ▁Are ▁you ▁famous ? ▁I ' m ▁kind ▁of ▁famous ▁in ▁my ▁own ▁town . [SEP] ▁yes , ▁i ▁am ▁famous . ▁what ▁type ▁of ▁music ▁do ▁you ▁listen ▁to ? [SEP] ▁My ▁favorite ▁sing er ▁is ▁Me at lo af , ▁are ▁you ▁a ▁fan ▁of ▁his ?	▁never ▁heard ▁of ▁him , ▁i ▁only ▁listen ▁to ▁country ▁music ▁honestly
▁your ▁person a : ▁i ' m ▁a ▁reality ▁tv ▁star . [SEP] ▁your ▁person a : ▁i ▁listen ▁to ▁country ▁music . [SEP] ▁i ▁wish ▁i ▁was ▁there [SEP] ▁i ▁saw ▁lots ▁of ▁animals ▁. ▁remind ed ▁me ▁of ▁when ▁i ▁worked ▁for ▁a ▁circ us ▁. [SEP] ▁You ▁worked ▁for ▁a ▁circ us ? ▁Tell ▁me ▁you ▁j ugg led ▁while ▁riding ▁a ▁un icy cle ▁and ▁had ▁a ▁mon key ▁on ▁your ▁shoulder . [SEP] ▁No , ▁I ▁couldn ' t ▁do ▁that . [SEP] ▁Me ▁neither , ▁but ▁that ▁might ▁be ▁because ▁I ▁like ▁to ▁drink ... a ▁lot . [SEP] ▁I ▁drink ▁a ▁lot ▁too ▁because ▁I ▁am ▁a ▁reality ▁tv ▁star ▁and ▁it ▁is ▁stress ful [SEP] ▁Are ▁you ▁famous ? ▁I ' m ▁kind ▁of ▁famous ▁in ▁my ▁own ▁town . [SEP] ▁yes , ▁i ▁am ▁famous . ▁what ▁type ▁of ▁music ▁do ▁you ▁listen ▁to ? [SEP] ▁My ▁favorite ▁sing er ▁is ▁Me at lo af , ▁are ▁you ▁a ▁fan ▁of ▁his ? [SEP] ▁never ▁heard ▁of ▁him , ▁i ▁only ▁listen ▁to ▁country ▁music ▁honestly [SEP] ▁Not ▁only ▁is ▁Me at lo af ▁a ▁great ▁sing er , ▁but ▁it ' s ▁also ▁a ▁delicious ▁food . ▁Can ' t ▁beat ▁that ▁combo .	▁F ood ▁is ▁the ▁gate way ▁to ▁the ▁soul .
▁your ▁person a : ▁i ' m ▁a ▁reality ▁tv ▁star . [SEP] ▁your ▁person a : ▁i ▁listen ▁to ▁country ▁music . [SEP] ▁i ▁wish ▁i ▁was ▁there [SEP] ▁i ▁saw ▁lots ▁of ▁animals ▁. ▁remind ed ▁me ▁of ▁when ▁i ▁worked ▁for ▁a ▁circ us ▁. [SEP] ▁You ▁worked ▁for ▁a ▁circ us ? ▁Tell ▁me ▁you ▁j ugg led ▁while ▁riding ▁a ▁un icy cle ▁and ▁had ▁a ▁mon key ▁on ▁your ▁shoulder . [SEP] ▁No , ▁I ▁couldn ' t ▁do ▁that . [SEP] ▁Me ▁neither , ▁but ▁that ▁might ▁be ▁because ▁I ▁like ▁to ▁drink ... a ▁lot . [SEP] ▁I ▁drink ▁a ▁lot ▁too ▁because ▁I ▁am ▁a ▁reality ▁tv ▁star ▁and ▁it ▁is ▁stress ful [SEP] ▁Are ▁you ▁famous ? ▁I ' m ▁kind ▁of ▁famous ▁in ▁my ▁own ▁town . [SEP] ▁yes , ▁i ▁am ▁famous . ▁what ▁type ▁of ▁music ▁do ▁you ▁listen ▁to ? [SEP] ▁My ▁favorite ▁sing er ▁is ▁Me at lo af , ▁are ▁you ▁a ▁fan ▁of ▁his ? [SEP] ▁never ▁heard ▁of ▁him , ▁i ▁only ▁listen ▁to ▁country ▁music ▁honestly [SEP] ▁Not ▁only ▁is ▁Me at lo af ▁a ▁great ▁sing er , ▁but ▁it ' s ▁also ▁a ▁delicious ▁food . ▁Can ' t ▁beat ▁that ▁combo . [SEP] ▁F ood ▁is ▁the ▁gate way ▁to ▁the ▁soul . [SEP] ▁And ▁meat lo af ▁is ▁the ▁express ▁train ▁to ▁my ▁heart . ▁Nothing ▁like ▁a ▁little ▁ha mb ur g ▁and ▁sp ices ▁to ▁get ▁things ▁going .	▁that ▁sounds ▁delicious
▁your ▁person a : ▁i ' ve ▁a ▁mas ters ▁degree ▁in ▁creative ▁writing . [SEP] ▁your ▁person a : ▁i ▁live ▁in ▁a ▁medium ▁s ized ▁city . [SEP] ▁I ▁recently ▁got ▁a ▁$ 50 ▁gift ▁card ▁that ▁I ' m ▁really ▁looking ▁forward ▁to ▁using . [SEP] ▁That ' s ▁awesome . ▁I ' d ▁be ▁excited ▁too . ▁What ▁are ▁you ▁going ▁to ▁get ▁with ▁it ? [SEP] ▁I ▁think ▁I ▁am ▁going ▁to ▁get ▁a ▁new ▁camera .	▁what ▁happened ▁to ▁your ▁old ▁one ?
▁your ▁person a : ▁i ' ve ▁a ▁mas ters ▁degree ▁in ▁creative ▁writing . [SEP] ▁your ▁person a : ▁i ▁live ▁in ▁a ▁medium ▁s ized ▁city . [SEP] ▁I ▁recently ▁got ▁a ▁$ 50 ▁gift ▁card ▁that ▁I ' m ▁really ▁looking ▁forward ▁to ▁using . [SEP] ▁That ' s ▁awesome . ▁I ' d ▁be ▁excited ▁too . ▁What ▁are ▁you ▁going ▁to ▁get ▁with ▁it ? [SEP] ▁I ▁think ▁I ▁am ▁going ▁to ▁get ▁a ▁new ▁camera . [SEP] ▁what ▁happened ▁to ▁your ▁old ▁one ? [SEP] ▁Nothing ▁but ▁I ▁want ▁an ▁upgrade .	▁why ▁can ' t ▁you ▁just ▁use ▁the ▁one ▁on ▁your ▁phone ?
▁your ▁person a : ▁i ' ve ▁a ▁mas ters ▁degree ▁in ▁creative ▁writing . [SEP] ▁your ▁person a : ▁i ▁live ▁in ▁a ▁medium ▁s ized ▁city . [SEP] ▁I ▁recently ▁got ▁a ▁$ 50 ▁gift ▁card ▁that ▁I ' m ▁really ▁looking ▁forward ▁to ▁using . [SEP] ▁That ' s ▁awesome . ▁I ' d ▁be ▁excited ▁too . ▁What ▁are ▁you ▁going ▁to ▁get ▁with ▁it ? [SEP] ▁I ▁think ▁I ▁am ▁going ▁to ▁get ▁a ▁new ▁camera . [SEP] ▁what ▁happened ▁to ▁your ▁old ▁one ? [SEP] ▁Nothing ▁but ▁I ▁want ▁an ▁upgrade . [SEP] ▁why ▁can ' t ▁you ▁just ▁use ▁the ▁one ▁on ▁your ▁phone ? [SEP] ▁I ▁am ▁trying ▁to ▁do ▁professional ▁phot ography .	▁Wow . ▁I ▁love ▁writing ▁f iction ▁creat ively , ▁and ▁that ▁would ▁make ▁a ▁great ▁story . ▁What ▁sort ▁of ▁phone ▁did ▁you ▁start ▁out ▁with ?
▁your ▁person a : ▁i ' ve ▁a ▁mas ters ▁degree ▁in ▁creative ▁writing . [SEP] ▁your ▁person a : ▁i ▁live ▁in ▁a ▁medium ▁s ized ▁city . [SEP] ▁I ▁recently ▁got ▁a ▁$ 50 ▁gift ▁card ▁that ▁I ' m ▁really ▁looking ▁forward ▁to ▁using . [SEP] ▁That ' s ▁awesome . ▁I ' d ▁be ▁excited ▁too . ▁What ▁are ▁you ▁going ▁to ▁get ▁with ▁it ? [SEP] ▁I ▁think ▁I ▁am ▁going ▁to ▁get ▁a ▁new ▁camera . [SEP] ▁what ▁happened ▁to ▁your ▁old ▁one ? [SEP] ▁Nothing ▁but ▁I ▁want ▁an ▁upgrade . [SEP] ▁why ▁can ' t ▁you ▁just ▁use ▁the ▁one ▁on ▁your ▁phone ? [SEP] ▁I ▁am ▁trying ▁to ▁do ▁professional ▁phot ography . [SEP] ▁Wow . ▁I ▁love ▁writing ▁f iction ▁creat ively , ▁and ▁that ▁would ▁make ▁a ▁great ▁story . ▁What ▁sort ▁of ▁phone ▁did ▁you ▁start ▁out ▁with ? [SEP] ▁You ▁know ▁just ▁a ▁flip ▁phone ▁haha . ▁Are ▁you ▁working ▁on ▁a ▁book ▁right ▁now ?	▁It ' s ▁about ▁these ▁p ills ▁that ▁reve al ▁the ▁world ▁is ▁full ▁of ▁din os a urs , ▁but ▁you ▁can ' t ▁e e ▁them ▁without ▁the ▁p ills , ▁so ▁you ▁don ' t ▁know ▁where ▁they ▁are
▁your ▁person a : ▁i ' ve ▁a ▁mas ters ▁degree ▁in ▁creative ▁writing . [SEP] ▁your ▁person a : ▁i ▁live ▁in ▁a ▁medium ▁s ized ▁city . [SEP] ▁I ▁recently ▁got ▁a ▁$ 50 ▁gift ▁card ▁that ▁I ' m ▁really ▁looking ▁forward ▁to ▁using . [SEP] ▁That ' s ▁awesome . ▁I ' d ▁be ▁excited ▁too . ▁What ▁are ▁you ▁going ▁to ▁get ▁with ▁it ? [SEP] ▁I ▁think ▁I ▁am ▁going ▁to ▁get ▁a ▁new ▁camera . [SEP] ▁what ▁happened ▁to ▁your ▁old ▁one ? [SEP] ▁Nothing ▁but ▁I ▁want ▁an ▁upgrade . [SEP] ▁why ▁can ' t ▁you ▁just ▁use ▁the ▁one ▁on ▁your ▁phone ? [SEP] ▁I ▁am ▁trying ▁to ▁do ▁professional ▁phot ography . [SEP] ▁Wow . ▁I ▁love ▁writing ▁f iction ▁creat ively , ▁and ▁that ▁would ▁make ▁a ▁great ▁story . ▁What ▁sort ▁of ▁phone ▁did ▁you ▁start ▁out ▁with ? [SEP] ▁You ▁know ▁just ▁a ▁flip ▁phone ▁haha . ▁Are ▁you ▁working ▁on ▁a ▁book ▁right ▁now ? [SEP] ▁It ' s ▁about ▁these ▁p ills ▁that ▁reve al ▁the ▁world ▁is ▁full ▁of ▁din os a urs , ▁but ▁you ▁can ' t ▁e e ▁them ▁without ▁the ▁p ills , ▁so ▁you ▁don ' t ▁know ▁where ▁they ▁are [SEP] ▁Oh ! ▁Interesting ! ▁That ▁would ▁be ▁scary .	▁it ' s ▁a ▁drama , ▁actually , ▁and ▁the ▁din os a urs ▁don ; t ▁bother ▁anyone . ▁would ▁you ▁ever ▁take ▁a ▁picture ▁of ▁something ▁like ▁that ?
▁your ▁person a : ▁i ' ve ▁a ▁mas ters ▁degree ▁in ▁creative ▁writing . [SEP] ▁your ▁person a : ▁i ▁live ▁in ▁a ▁medium ▁s ized ▁city . [SEP] ▁I ▁recently ▁got ▁a ▁$ 50 ▁gift ▁card ▁that ▁I ' m ▁really ▁looking ▁forward ▁to ▁using . [SEP] ▁That ' s ▁awesome . ▁I ' d ▁be ▁excited ▁too . ▁What ▁are ▁you ▁going ▁to ▁get ▁with ▁it ? [SEP] ▁I ▁think ▁I ▁am ▁going ▁to ▁get ▁a ▁new ▁camera . [SEP] ▁what ▁happened ▁to ▁your ▁old ▁one ? [SEP] ▁Nothing ▁but ▁I ▁want ▁an ▁upgrade . [SEP] ▁why ▁can ' t ▁you ▁just ▁use ▁the ▁one ▁on ▁your ▁phone ? [SEP] ▁I ▁am ▁trying ▁to ▁do ▁professional ▁phot ography . [SEP] ▁Wow . ▁I ▁love ▁writing ▁f iction ▁creat ively , ▁and ▁that ▁would ▁make ▁a ▁great ▁story . ▁What ▁sort ▁of ▁phone ▁did ▁you ▁start ▁out ▁with ? [SEP] ▁You ▁know ▁just ▁a ▁flip ▁phone ▁haha . ▁Are ▁you ▁working ▁on ▁a ▁book ▁right ▁now ? [SEP] ▁It ' s ▁about ▁these ▁p ills ▁that ▁reve al ▁the ▁world ▁is ▁full ▁of ▁din os a urs , ▁but ▁you ▁can ' t ▁e e ▁them ▁without ▁the ▁p ills , ▁so ▁you ▁don ' t ▁know ▁where ▁they ▁are [SEP] ▁Oh ! ▁Interesting ! ▁That ▁would ▁be ▁scary . [SEP] ▁it ' s ▁a ▁drama , ▁actually , ▁and ▁the ▁din os a urs ▁don ; t ▁bother ▁anyone . ▁would ▁you ▁ever ▁take ▁a ▁picture ▁of ▁something ▁like ▁that ? [SEP] ▁Of ▁course ! ▁That ▁would ▁make ▁my ▁career !	▁oh ▁cool . ▁what ▁sort ▁of ▁shut ter ▁speed ▁would ▁u ▁set ▁it ▁on ?
▁your ▁person a : ▁i ▁like ▁light ning ▁m c que en . [SEP] ▁your ▁person a : ▁i ▁have ▁a ▁cat ▁named ▁mater . [SEP] ▁Ro omm ate ▁just ▁walked ▁in ▁on ▁me ▁while ▁I ▁was ... ▁trying ▁to ... ▁" f eel ▁good " ▁if ▁you ▁know ▁what ▁I ▁mean . ▁So ▁awkward . ▁My ▁door ▁doesn ' t ▁have ▁a ▁lock , ▁either . ▁I ▁told ▁him ▁to ▁not ▁come ▁in , ▁and ▁he ▁just ▁kept ▁coming ▁in ! [SEP] ▁I ▁not ▁sure ▁what ▁do ▁you ▁mean , ▁but ▁can ▁use ▁my ▁imag ination , ▁it ▁sounds ▁like ▁something ▁really ▁embarrass ing . [SEP] ▁It ▁was . ▁I ▁don ' t ▁know ▁why ▁I ▁didn ' t ▁just ▁stop ▁doing ▁it .	▁Probably ▁a ▁good ▁idea ▁. ▁Now ▁i ' m ▁not ▁sure ▁what ▁to ▁say ▁. ▁An ▁awkward ▁ord eal .
▁your ▁person a : ▁i ▁like ▁light ning ▁m c que en . [SEP] ▁your ▁person a : ▁i ▁have ▁a ▁cat ▁named ▁mater . [SEP] ▁Ro omm ate ▁just ▁walked ▁in ▁on ▁me ▁while ▁I ▁was ... ▁trying ▁to ... ▁" f eel ▁good " ▁if ▁you ▁know ▁what ▁I ▁mean . ▁So ▁awkward . ▁My ▁door ▁doesn ' t ▁have ▁a ▁lock , ▁either . ▁I ▁told ▁him ▁to ▁not ▁come ▁in , ▁and ▁he ▁just ▁kept ▁coming ▁in ! [SEP] ▁I ▁not ▁sure ▁what ▁do ▁you ▁mean , ▁but ▁can ▁use ▁my ▁imag ination , ▁it ▁sounds ▁like ▁something ▁really ▁embarrass ing . [SEP] ▁It ▁was . ▁I ▁don ' t ▁know ▁why ▁I ▁didn ' t ▁just ▁stop ▁doing ▁it . [SEP] ▁Probably ▁a ▁good ▁idea ▁. ▁Now ▁i ' m ▁not ▁sure ▁what ▁to ▁say ▁. ▁An ▁awkward ▁ord eal . [SEP] ▁Ne ither ▁am ▁I . ▁I ' m ▁not ▁even ▁sure ▁why ▁I ▁brought ▁up ▁such ▁a ▁thing ▁in ▁a ▁random ▁conversation .	▁Try ▁not ▁to ▁let ▁it ▁get ▁to ▁you . ▁Life ▁is ▁weird . ▁Things ▁happen ▁and ▁then ▁you ▁move ▁on .
▁your ▁person a : ▁i ▁like ▁light ning ▁m c que en . [SEP] ▁your ▁person a : ▁i ▁have ▁a ▁cat ▁named ▁mater . [SEP] ▁Ro omm ate ▁just ▁walked ▁in ▁on ▁me ▁while ▁I ▁was ... ▁trying ▁to ... ▁" f eel ▁good " ▁if ▁you ▁know ▁what ▁I ▁mean . ▁So ▁awkward . ▁My ▁door ▁doesn ' t ▁have ▁a ▁lock , ▁either . ▁I ▁told ▁him ▁to ▁not ▁come ▁in , ▁and ▁he ▁just ▁kept ▁coming ▁in ! [SEP] ▁I ▁not ▁sure ▁what ▁do ▁you ▁mean , ▁but ▁can ▁use ▁my ▁imag ination , ▁it ▁sounds ▁like ▁something ▁really ▁embarrass ing . [SEP] ▁It ▁was . ▁I ▁don ' t ▁know ▁why ▁I ▁didn ' t ▁just ▁stop ▁doing ▁it . [SEP] ▁Probably ▁a ▁good ▁idea ▁. ▁Now ▁i ' m ▁not ▁sure ▁what ▁to ▁say ▁. ▁An ▁awkward ▁ord eal . [SEP] ▁Ne ither ▁am ▁I . ▁I ' m ▁not ▁even ▁sure ▁why ▁I ▁brought ▁up ▁such ▁a ▁thing ▁in ▁a ▁random ▁conversation . [SEP] ▁Try ▁not ▁to ▁let ▁it ▁get ▁to ▁you . ▁Life ▁is ▁weird . ▁Things ▁happen ▁and ▁then ▁you ▁move ▁on . [SEP] ▁Am en ▁to ▁that . ▁Anyway , ▁do ▁you ▁like ▁to ▁read ?	▁I ▁do ▁like ▁reading . ▁L ately ▁I ' ve ▁been ▁reading ▁about ▁Light ning ▁Mc Q ue en . ▁Do ▁you ▁like ▁the ▁movie ▁" C ars "?
▁your ▁person a : ▁i ▁like ▁light ning ▁m c que en . [SEP] ▁your ▁person a : ▁i ▁have ▁a ▁cat ▁named ▁mater . [SEP] ▁Ro omm ate ▁just ▁walked ▁in ▁on ▁me ▁while ▁I ▁was ... ▁trying ▁to ... ▁" f eel ▁good " ▁if ▁you ▁know ▁what ▁I ▁mean . ▁So ▁awkward . ▁My ▁door ▁doesn ' t ▁have ▁a ▁lock , ▁either . ▁I ▁told ▁him ▁to ▁not ▁come ▁in , ▁and ▁he ▁just ▁kept ▁coming ▁in ! [SEP] ▁I ▁not ▁sure ▁what ▁do ▁you ▁mean , ▁but ▁can ▁use ▁my ▁imag ination , ▁it ▁sounds ▁like ▁something ▁really ▁embarrass ing . [SEP] ▁It ▁was . ▁I ▁don ' t ▁know ▁why ▁I ▁didn ' t ▁just ▁stop ▁doing ▁it . [SEP] ▁Probably ▁a ▁good ▁idea ▁. ▁Now ▁i ' m ▁not ▁sure ▁what ▁to ▁say ▁. ▁An ▁awkward ▁ord eal . [SEP] ▁Ne ither ▁am ▁I . ▁I ' m ▁not ▁even ▁sure ▁why ▁I ▁brought ▁up ▁such ▁a ▁thing ▁in ▁a ▁random ▁conversation . [SEP] ▁Try ▁not ▁to ▁let ▁it ▁get ▁to ▁you . ▁Life ▁is ▁weird . ▁Things ▁happen ▁and ▁then ▁you ▁move ▁on . [SEP] ▁Am en ▁to ▁that . ▁Anyway , ▁do ▁you ▁like ▁to ▁read ? [SEP] ▁I ▁do ▁like ▁reading . ▁L ately ▁I ' ve ▁been ▁reading ▁about ▁Light ning ▁Mc Q ue en . ▁Do ▁you ▁like ▁the ▁movie ▁" C ars "? [SEP] ▁Is ▁that ▁the ▁anim ated ▁movie ?	▁Yeah ▁they ▁have ▁made ▁a ▁few ▁of ▁them . ▁I ▁like ▁them ▁so ▁much ▁I ▁named ▁my ▁cat ▁mater ▁after ▁the ▁tow ▁truck ▁in ▁the ▁film .
▁your ▁person a : ▁i ▁like ▁light ning ▁m c que en . [SEP] ▁your ▁person a : ▁i ▁have ▁a ▁cat ▁named ▁mater . [SEP] ▁Ro omm ate ▁just ▁walked ▁in ▁on ▁me ▁while ▁I ▁was ... ▁trying ▁to ... ▁" f eel ▁good " ▁if ▁you ▁know ▁what ▁I ▁mean . ▁So ▁awkward . ▁My ▁door ▁doesn ' t ▁have ▁a ▁lock , ▁either . ▁I ▁told ▁him ▁to ▁not ▁come ▁in , ▁and ▁he ▁just ▁kept ▁coming ▁in ! [SEP] ▁I ▁not ▁sure ▁what ▁do ▁you ▁mean , ▁but ▁can ▁use ▁my ▁imag ination , ▁it ▁sounds ▁like ▁something ▁really ▁embarrass ing . [SEP] ▁It ▁was . ▁I ▁don ' t ▁know ▁why ▁I ▁didn ' t ▁just ▁stop ▁doing ▁it . [SEP] ▁Probably ▁a ▁good ▁idea ▁. ▁Now ▁i ' m ▁not ▁sure ▁what ▁to ▁say ▁. ▁An ▁awkward ▁ord eal . [SEP] ▁Ne ither ▁am ▁I . ▁I ' m ▁not ▁even ▁sure ▁why ▁I ▁brought ▁up ▁such ▁a ▁thing ▁in ▁a ▁random ▁conversation . [SEP] ▁Try ▁not ▁to ▁let ▁it ▁get ▁to ▁you . ▁Life ▁is ▁weird . ▁Things ▁happen ▁and ▁then ▁you ▁move ▁on . [SEP] ▁Am en ▁to ▁that . ▁Anyway , ▁do ▁you ▁like ▁to ▁read ? [SEP] ▁I ▁do ▁like ▁reading . ▁L ately ▁I ' ve ▁been ▁reading ▁about ▁Light ning ▁Mc Q ue en . ▁Do ▁you ▁like ▁the ▁movie ▁" C ars "? [SEP] ▁Is ▁that ▁the ▁anim ated ▁movie ? [SEP] ▁Yeah ▁they ▁have ▁made ▁a ▁few ▁of ▁them . ▁I ▁like ▁them ▁so ▁much ▁I ▁named ▁my ▁cat ▁mater ▁after ▁the ▁tow ▁truck ▁in ▁the ▁film . [SEP] ▁Oh ▁thats ▁really ▁cool . ▁Yea ▁I ▁love ▁those ▁movies ▁a ▁lot ! ▁Whats ▁your ▁favorite ▁food ?	▁I ▁love ▁chicken , ▁and ▁Chinese ▁food . ▁Well , ▁just ▁about ▁any ▁food ▁actually . ▁How ▁about ▁you ?
▁your ▁person a : ▁i ▁like ▁light ning ▁m c que en . [SEP] ▁your ▁person a : ▁i ▁have ▁a ▁cat ▁named ▁mater . [SEP] ▁Ro omm ate ▁just ▁walked ▁in ▁on ▁me ▁while ▁I ▁was ... ▁trying ▁to ... ▁" f eel ▁good " ▁if ▁you ▁know ▁what ▁I ▁mean . ▁So ▁awkward . ▁My ▁door ▁doesn ' t ▁have ▁a ▁lock , ▁either . ▁I ▁told ▁him ▁to ▁not ▁come ▁in , ▁and ▁he ▁just ▁kept ▁coming ▁in ! [SEP] ▁I ▁not ▁sure ▁what ▁do ▁you ▁mean , ▁but ▁can ▁use ▁my ▁imag ination , ▁it ▁sounds ▁like ▁something ▁really ▁embarrass ing . [SEP] ▁It ▁was . ▁I ▁don ' t ▁know ▁why ▁I ▁didn ' t ▁just ▁stop ▁doing ▁it . [SEP] ▁Probably ▁a ▁good ▁idea ▁. ▁Now ▁i ' m ▁not ▁sure ▁what ▁to ▁say ▁. ▁An ▁awkward ▁ord eal . [SEP] ▁Ne ither ▁am ▁I . ▁I ' m ▁not ▁even ▁sure ▁why ▁I ▁brought ▁up ▁such ▁a ▁thing ▁in ▁a ▁random ▁conversation . [SEP] ▁Try ▁not ▁to ▁let ▁it ▁get ▁to ▁you . ▁Life ▁is ▁weird . ▁Things ▁happen ▁and ▁then ▁you ▁move ▁on . [SEP] ▁Am en ▁to ▁that . ▁Anyway , ▁do ▁you ▁like ▁to ▁read ? [SEP] ▁I ▁do ▁like ▁reading . ▁L ately ▁I ' ve ▁been ▁reading ▁about ▁Light ning ▁Mc Q ue en . ▁Do ▁you ▁like ▁the ▁movie ▁" C ars "? [SEP] ▁Is ▁that ▁the ▁anim ated ▁movie ? [SEP] ▁Yeah ▁they ▁have ▁made ▁a ▁few ▁of ▁them . ▁I ▁like ▁them ▁so ▁much ▁I ▁named ▁my ▁cat ▁mater ▁after ▁the ▁tow ▁truck ▁in ▁the ▁film . [SEP] ▁Oh ▁thats ▁really ▁cool . ▁Yea ▁I ▁love ▁those ▁movies ▁a ▁lot ! ▁Whats ▁your ▁favorite ▁food ? [SEP] ▁I ▁love ▁chicken , ▁and ▁Chinese ▁food . ▁Well , ▁just ▁about ▁any ▁food ▁actually . ▁How ▁about ▁you ? [SEP] ▁I ▁love ▁pizza , ▁its ▁definitely ▁my ▁favorite ▁of ▁all ▁time . ▁Chinese ▁is ▁great ▁too ▁though . ▁Have ▁you ▁had ▁ch inese ▁pizza ▁before ?	▁Yes ! ▁The ▁Chinese ▁restaurant ▁down ▁the ▁street ▁has ▁it . ▁It ' s ▁pretty ▁good .
▁your ▁person a : ▁i ' m ▁un soci able . [SEP] ▁your ▁person a : ▁my ▁weak ness ▁are ▁swe ets . [SEP] ▁that ▁isn ' t ▁bad ▁either [SEP] ▁i ▁find ▁that ▁i ' m ▁not ▁a ▁soci able ▁person [SEP] ▁that ▁is ▁okay , ▁everyone ▁is ▁different	▁yeah ▁I ' m ▁pretty ▁different ▁if ▁you ▁get ▁what ▁I ▁mean
▁your ▁person a : ▁i ' m ▁un soci able . [SEP] ▁your ▁person a : ▁my ▁weak ness ▁are ▁swe ets . [SEP] ▁that ▁isn ' t ▁bad ▁either [SEP] ▁i ▁find ▁that ▁i ' m ▁not ▁a ▁soci able ▁person [SEP] ▁that ▁is ▁okay , ▁everyone ▁is ▁different [SEP] ▁yeah ▁I ' m ▁pretty ▁different ▁if ▁you ▁get ▁what ▁I ▁mean [SEP] ▁no ▁i ▁do ▁not ▁get ▁what ▁you ▁mean , ▁care ▁to ▁elabor ate ?	▁well ▁we ▁have ▁sub ▁personality ▁that ▁t ends ▁to ▁control ▁or ▁feelings
▁your ▁person a : ▁i ' m ▁un soci able . [SEP] ▁your ▁person a : ▁my ▁weak ness ▁are ▁swe ets . [SEP] ▁that ▁isn ' t ▁bad ▁either [SEP] ▁i ▁find ▁that ▁i ' m ▁not ▁a ▁soci able ▁person [SEP] ▁that ▁is ▁okay , ▁everyone ▁is ▁different [SEP] ▁yeah ▁I ' m ▁pretty ▁different ▁if ▁you ▁get ▁what ▁I ▁mean [SEP] ▁no ▁i ▁do ▁not ▁get ▁what ▁you ▁mean , ▁care ▁to ▁elabor ate ? [SEP] ▁well ▁we ▁have ▁sub ▁personality ▁that ▁t ends ▁to ▁control ▁or ▁feelings [SEP] ▁i ▁think ▁the ▁cry st als ▁i ▁d ab ble ▁with ▁can ▁change ▁your ▁sub ▁personality	▁oh ▁wow ▁I ▁hear ▁that ▁stuff ▁is ▁bad ▁for ▁you
▁your ▁person a : ▁i ' m ▁un soci able . [SEP] ▁your ▁person a : ▁my ▁weak ness ▁are ▁swe ets . [SEP] ▁that ▁isn ' t ▁bad ▁either [SEP] ▁i ▁find ▁that ▁i ' m ▁not ▁a ▁soci able ▁person [SEP] ▁that ▁is ▁okay , ▁everyone ▁is ▁different [SEP] ▁yeah ▁I ' m ▁pretty ▁different ▁if ▁you ▁get ▁what ▁I ▁mean [SEP] ▁no ▁i ▁do ▁not ▁get ▁what ▁you ▁mean , ▁care ▁to ▁elabor ate ? [SEP] ▁well ▁we ▁have ▁sub ▁personality ▁that ▁t ends ▁to ▁control ▁or ▁feelings [SEP] ▁i ▁think ▁the ▁cry st als ▁i ▁d ab ble ▁with ▁can ▁change ▁your ▁sub ▁personality [SEP] ▁oh ▁wow ▁I ▁hear ▁that ▁stuff ▁is ▁bad ▁for ▁you [SEP] ▁im ▁add icted ▁to ▁the ▁power ▁of ▁them	▁I ▁really ▁can ' t ▁stop ▁eating ▁swe ets ▁myself
▁your ▁person a : ▁i ' m ▁un soci able . [SEP] ▁your ▁person a : ▁my ▁weak ness ▁are ▁swe ets . [SEP] ▁that ▁isn ' t ▁bad ▁either [SEP] ▁i ▁find ▁that ▁i ' m ▁not ▁a ▁soci able ▁person [SEP] ▁that ▁is ▁okay , ▁everyone ▁is ▁different [SEP] ▁yeah ▁I ' m ▁pretty ▁different ▁if ▁you ▁get ▁what ▁I ▁mean [SEP] ▁no ▁i ▁do ▁not ▁get ▁what ▁you ▁mean , ▁care ▁to ▁elabor ate ? [SEP] ▁well ▁we ▁have ▁sub ▁personality ▁that ▁t ends ▁to ▁control ▁or ▁feelings [SEP] ▁i ▁think ▁the ▁cry st als ▁i ▁d ab ble ▁with ▁can ▁change ▁your ▁sub ▁personality [SEP] ▁oh ▁wow ▁I ▁hear ▁that ▁stuff ▁is ▁bad ▁for ▁you [SEP] ▁im ▁add icted ▁to ▁the ▁power ▁of ▁them [SEP] ▁I ▁really ▁can ' t ▁stop ▁eating ▁swe ets ▁myself [SEP] ▁you ▁will ▁stop ▁when ▁you ▁get ▁di ab et es	▁Yeah ▁I ▁was ▁told ▁the ▁same ▁thing , ▁but ▁I ' m ▁add icted . ▁un l ucky
▁your ▁person a : ▁i ' m ▁un soci able . [SEP] ▁your ▁person a : ▁my ▁weak ness ▁are ▁swe ets . [SEP] ▁that ▁isn ' t ▁bad ▁either [SEP] ▁i ▁find ▁that ▁i ' m ▁not ▁a ▁soci able ▁person [SEP] ▁that ▁is ▁okay , ▁everyone ▁is ▁different [SEP] ▁yeah ▁I ' m ▁pretty ▁different ▁if ▁you ▁get ▁what ▁I ▁mean [SEP] ▁no ▁i ▁do ▁not ▁get ▁what ▁you ▁mean , ▁care ▁to ▁elabor ate ? [SEP] ▁well ▁we ▁have ▁sub ▁personality ▁that ▁t ends ▁to ▁control ▁or ▁feelings [SEP] ▁i ▁think ▁the ▁cry st als ▁i ▁d ab ble ▁with ▁can ▁change ▁your ▁sub ▁personality [SEP] ▁oh ▁wow ▁I ▁hear ▁that ▁stuff ▁is ▁bad ▁for ▁you [SEP] ▁im ▁add icted ▁to ▁the ▁power ▁of ▁them [SEP] ▁I ▁really ▁can ' t ▁stop ▁eating ▁swe ets ▁myself [SEP] ▁you ▁will ▁stop ▁when ▁you ▁get ▁di ab et es [SEP] ▁Yeah ▁I ▁was ▁told ▁the ▁same ▁thing , ▁but ▁I ' m ▁add icted . ▁un l ucky [SEP] ▁med itation ▁will ▁diss ol ve ▁all ▁add ict ions	▁I ▁will ▁try ▁medic ine ▁first
▁your ▁person a : ▁i ▁played ▁football ▁in ▁college . [SEP] ▁your ▁person a : ▁i ▁work ▁at ▁a ▁candy ▁store . [SEP] ▁oh ▁ok ▁. ▁that ▁makes ▁more ▁sense ▁now ▁. [SEP] ▁i ▁am ▁watching ▁football ▁on ▁tv ▁today ▁. ▁do ▁you ▁like ▁to ▁watch ▁sports ▁too ▁? [SEP] ▁I ▁do . ▁I ▁love ▁watching ▁football ▁with ▁my ▁dog . ▁Do ▁you ▁have ▁any ▁p ets ?	▁i ▁have ▁a ▁cat , ▁what ▁do ▁you ▁do ▁as ▁a ▁job ?
▁your ▁person a : ▁i ▁played ▁football ▁in ▁college . [SEP] ▁your ▁person a : ▁i ▁work ▁at ▁a ▁candy ▁store . [SEP] ▁oh ▁ok ▁. ▁that ▁makes ▁more ▁sense ▁now ▁. [SEP] ▁i ▁am ▁watching ▁football ▁on ▁tv ▁today ▁. ▁do ▁you ▁like ▁to ▁watch ▁sports ▁too ▁? [SEP] ▁I ▁do . ▁I ▁love ▁watching ▁football ▁with ▁my ▁dog . ▁Do ▁you ▁have ▁any ▁p ets ? [SEP] ▁i ▁have ▁a ▁cat , ▁what ▁do ▁you ▁do ▁as ▁a ▁job ? [SEP] ▁I ' m ▁a ▁student , ▁which ▁is ▁great ▁for ▁now . ▁G ives ▁me ▁time ▁to ▁hang ▁out ▁with ▁my ▁friends . ▁What ▁do ▁you ▁do ?	▁im ▁currently ▁working ▁at ▁a ▁candy ▁store
▁your ▁person a : ▁i ▁played ▁football ▁in ▁college . [SEP] ▁your ▁person a : ▁i ▁work ▁at ▁a ▁candy ▁store . [SEP] ▁oh ▁ok ▁. ▁that ▁makes ▁more ▁sense ▁now ▁. [SEP] ▁i ▁am ▁watching ▁football ▁on ▁tv ▁today ▁. ▁do ▁you ▁like ▁to ▁watch ▁sports ▁too ▁? [SEP] ▁I ▁do . ▁I ▁love ▁watching ▁football ▁with ▁my ▁dog . ▁Do ▁you ▁have ▁any ▁p ets ? [SEP] ▁i ▁have ▁a ▁cat , ▁what ▁do ▁you ▁do ▁as ▁a ▁job ? [SEP] ▁I ' m ▁a ▁student , ▁which ▁is ▁great ▁for ▁now . ▁G ives ▁me ▁time ▁to ▁hang ▁out ▁with ▁my ▁friends . ▁What ▁do ▁you ▁do ? [SEP] ▁im ▁currently ▁working ▁at ▁a ▁candy ▁store [SEP] ▁That ▁sounds ▁awesome !	▁did ▁you ▁ever ▁play ▁sports ▁in ▁school ?
▁your ▁person a : ▁i ▁played ▁football ▁in ▁college . [SEP] ▁your ▁person a : ▁i ▁work ▁at ▁a ▁candy ▁store . [SEP] ▁oh ▁ok ▁. ▁that ▁makes ▁more ▁sense ▁now ▁. [SEP] ▁i ▁am ▁watching ▁football ▁on ▁tv ▁today ▁. ▁do ▁you ▁like ▁to ▁watch ▁sports ▁too ▁? [SEP] ▁I ▁do . ▁I ▁love ▁watching ▁football ▁with ▁my ▁dog . ▁Do ▁you ▁have ▁any ▁p ets ? [SEP] ▁i ▁have ▁a ▁cat , ▁what ▁do ▁you ▁do ▁as ▁a ▁job ? [SEP] ▁I ' m ▁a ▁student , ▁which ▁is ▁great ▁for ▁now . ▁G ives ▁me ▁time ▁to ▁hang ▁out ▁with ▁my ▁friends . ▁What ▁do ▁you ▁do ? [SEP] ▁im ▁currently ▁working ▁at ▁a ▁candy ▁store [SEP] ▁That ▁sounds ▁awesome ! [SEP] ▁did ▁you ▁ever ▁play ▁sports ▁in ▁school ? [SEP] ▁Nah . ▁Never ▁had ▁the ▁disc ip line . ▁I ' d ▁always ▁rather ▁be ▁with ▁my ▁friends .	▁i ▁played ▁football ▁and ▁basketball ▁in ▁college ▁and ▁i ▁wouldnt ▁trade ▁that ▁experience ▁for ▁the ▁world
▁your ▁person a : ▁i ▁played ▁football ▁in ▁college . [SEP] ▁your ▁person a : ▁i ▁work ▁at ▁a ▁candy ▁store . [SEP] ▁oh ▁ok ▁. ▁that ▁makes ▁more ▁sense ▁now ▁. [SEP] ▁i ▁am ▁watching ▁football ▁on ▁tv ▁today ▁. ▁do ▁you ▁like ▁to ▁watch ▁sports ▁too ▁? [SEP] ▁I ▁do . ▁I ▁love ▁watching ▁football ▁with ▁my ▁dog . ▁Do ▁you ▁have ▁any ▁p ets ? [SEP] ▁i ▁have ▁a ▁cat , ▁what ▁do ▁you ▁do ▁as ▁a ▁job ? [SEP] ▁I ' m ▁a ▁student , ▁which ▁is ▁great ▁for ▁now . ▁G ives ▁me ▁time ▁to ▁hang ▁out ▁with ▁my ▁friends . ▁What ▁do ▁you ▁do ? [SEP] ▁im ▁currently ▁working ▁at ▁a ▁candy ▁store [SEP] ▁That ▁sounds ▁awesome ! [SEP] ▁did ▁you ▁ever ▁play ▁sports ▁in ▁school ? [SEP] ▁Nah . ▁Never ▁had ▁the ▁disc ip line . ▁I ' d ▁always ▁rather ▁be ▁with ▁my ▁friends . [SEP] ▁i ▁played ▁football ▁and ▁basketball ▁in ▁college ▁and ▁i ▁wouldnt ▁trade ▁that ▁experience ▁for ▁the ▁world [SEP] ▁What ▁did ▁you ▁study ▁in ▁college ?	▁Cr imin ology , ▁what ▁about ▁you ?
▁your ▁person a : ▁i ▁played ▁football ▁in ▁college . [SEP] ▁your ▁person a : ▁i ▁work ▁at ▁a ▁candy ▁store . [SEP] ▁oh ▁ok ▁. ▁that ▁makes ▁more ▁sense ▁now ▁. [SEP] ▁i ▁am ▁watching ▁football ▁on ▁tv ▁today ▁. ▁do ▁you ▁like ▁to ▁watch ▁sports ▁too ▁? [SEP] ▁I ▁do . ▁I ▁love ▁watching ▁football ▁with ▁my ▁dog . ▁Do ▁you ▁have ▁any ▁p ets ? [SEP] ▁i ▁have ▁a ▁cat , ▁what ▁do ▁you ▁do ▁as ▁a ▁job ? [SEP] ▁I ' m ▁a ▁student , ▁which ▁is ▁great ▁for ▁now . ▁G ives ▁me ▁time ▁to ▁hang ▁out ▁with ▁my ▁friends . ▁What ▁do ▁you ▁do ? [SEP] ▁im ▁currently ▁working ▁at ▁a ▁candy ▁store [SEP] ▁That ▁sounds ▁awesome ! [SEP] ▁did ▁you ▁ever ▁play ▁sports ▁in ▁school ? [SEP] ▁Nah . ▁Never ▁had ▁the ▁disc ip line . ▁I ' d ▁always ▁rather ▁be ▁with ▁my ▁friends . [SEP] ▁i ▁played ▁football ▁and ▁basketball ▁in ▁college ▁and ▁i ▁wouldnt ▁trade ▁that ▁experience ▁for ▁the ▁world [SEP] ▁What ▁did ▁you ▁study ▁in ▁college ? [SEP] ▁Cr imin ology , ▁what ▁about ▁you ? [SEP] ▁Currently ▁political ▁science , ▁but ▁I ' m ▁thinking ▁about ▁switching .	▁what ▁are ▁you ▁thinking ▁of ▁switching ▁to ?
▁your ▁person a : ▁my ▁eyes ▁are ▁bright ▁blue . [SEP] ▁your ▁person a : ▁i ▁do ▁not ▁have ▁a ▁college ▁degree . [SEP] ▁I ▁am ▁going ▁on ▁a ▁flight ▁for ▁the ▁first ▁time ▁in ▁a ▁couple ▁weeks . ▁I ▁am ▁really ▁scared ▁for ▁some ▁reason ! [SEP] ▁Good ▁for ▁you . ▁Is ▁it ▁truly ▁your ▁first ▁time ▁flying ▁on ▁a ▁plane ? [SEP] ▁Yea , ▁I ▁have ▁a ▁really ▁bad ▁feeling ▁that ▁its ▁going ▁to ▁cr ash ▁or ▁something .	▁oh . ▁my ▁god . ▁i ▁never ▁f i in ished ▁college , ▁so ▁i ' m ▁willing ▁to ▁listen ▁to ▁you ▁explain ▁your ▁psych ic ▁vis ions ▁to ▁me
▁your ▁person a : ▁my ▁eyes ▁are ▁bright ▁blue . [SEP] ▁your ▁person a : ▁i ▁do ▁not ▁have ▁a ▁college ▁degree . [SEP] ▁I ▁am ▁going ▁on ▁a ▁flight ▁for ▁the ▁first ▁time ▁in ▁a ▁couple ▁weeks . ▁I ▁am ▁really ▁scared ▁for ▁some ▁reason ! [SEP] ▁Good ▁for ▁you . ▁Is ▁it ▁truly ▁your ▁first ▁time ▁flying ▁on ▁a ▁plane ? [SEP] ▁Yea , ▁I ▁have ▁a ▁really ▁bad ▁feeling ▁that ▁its ▁going ▁to ▁cr ash ▁or ▁something . [SEP] ▁oh . ▁my ▁god . ▁i ▁never ▁f i in ished ▁college , ▁so ▁i ' m ▁willing ▁to ▁listen ▁to ▁you ▁explain ▁your ▁psych ic ▁vis ions ▁to ▁me [SEP] ▁Ok ▁well , ▁I ▁had ▁a ▁vision ▁last ▁night ▁that ▁al i ens ▁would ▁attack ▁my ▁plane ▁and ▁we ▁would ▁cr ash .	▁we ' re ▁on ▁the ▁same ▁plane ? ▁what ▁country ▁are ▁these ▁illeg als ▁from ? ▁like ▁h ij ack ers ?
▁your ▁person a : ▁my ▁eyes ▁are ▁bright ▁blue . [SEP] ▁your ▁person a : ▁i ▁do ▁not ▁have ▁a ▁college ▁degree . [SEP] ▁I ▁am ▁going ▁on ▁a ▁flight ▁for ▁the ▁first ▁time ▁in ▁a ▁couple ▁weeks . ▁I ▁am ▁really ▁scared ▁for ▁some ▁reason ! [SEP] ▁Good ▁for ▁you . ▁Is ▁it ▁truly ▁your ▁first ▁time ▁flying ▁on ▁a ▁plane ? [SEP] ▁Yea , ▁I ▁have ▁a ▁really ▁bad ▁feeling ▁that ▁its ▁going ▁to ▁cr ash ▁or ▁something . [SEP] ▁oh . ▁my ▁god . ▁i ▁never ▁f i in ished ▁college , ▁so ▁i ' m ▁willing ▁to ▁listen ▁to ▁you ▁explain ▁your ▁psych ic ▁vis ions ▁to ▁me [SEP] ▁Ok ▁well , ▁I ▁had ▁a ▁vision ▁last ▁night ▁that ▁al i ens ▁would ▁attack ▁my ▁plane ▁and ▁we ▁would ▁cr ash . [SEP] ▁we ' re ▁on ▁the ▁same ▁plane ? ▁what ▁country ▁are ▁these ▁illeg als ▁from ? ▁like ▁h ij ack ers ? [SEP] ▁No ▁why ▁would ▁you ▁be ▁on ▁my ▁flight ▁a ▁couple ▁weeks ▁from ▁now ? ▁They ▁are ▁from ▁another ▁planet , ▁most ▁likely ▁J up it er .	▁sounds ▁like ▁i ' d ▁be ▁better ▁off ▁just ▁cancell ing ▁our ▁trip ▁and ▁going ▁back ▁to ▁finish ▁my ▁degree . ▁what ▁do ▁you ▁think ?
▁your ▁person a : ▁my ▁eyes ▁are ▁bright ▁blue . [SEP] ▁your ▁person a : ▁i ▁do ▁not ▁have ▁a ▁college ▁degree . [SEP] ▁I ▁am ▁going ▁on ▁a ▁flight ▁for ▁the ▁first ▁time ▁in ▁a ▁couple ▁weeks . ▁I ▁am ▁really ▁scared ▁for ▁some ▁reason ! [SEP] ▁Good ▁for ▁you . ▁Is ▁it ▁truly ▁your ▁first ▁time ▁flying ▁on ▁a ▁plane ? [SEP] ▁Yea , ▁I ▁have ▁a ▁really ▁bad ▁feeling ▁that ▁its ▁going ▁to ▁cr ash ▁or ▁something . [SEP] ▁oh . ▁my ▁god . ▁i ▁never ▁f i in ished ▁college , ▁so ▁i ' m ▁willing ▁to ▁listen ▁to ▁you ▁explain ▁your ▁psych ic ▁vis ions ▁to ▁me [SEP] ▁Ok ▁well , ▁I ▁had ▁a ▁vision ▁last ▁night ▁that ▁al i ens ▁would ▁attack ▁my ▁plane ▁and ▁we ▁would ▁cr ash . [SEP] ▁we ' re ▁on ▁the ▁same ▁plane ? ▁what ▁country ▁are ▁these ▁illeg als ▁from ? ▁like ▁h ij ack ers ? [SEP] ▁No ▁why ▁would ▁you ▁be ▁on ▁my ▁flight ▁a ▁couple ▁weeks ▁from ▁now ? ▁They ▁are ▁from ▁another ▁planet , ▁most ▁likely ▁J up it er . [SEP] ▁sounds ▁like ▁i ' d ▁be ▁better ▁off ▁just ▁cancell ing ▁our ▁trip ▁and ▁going ▁back ▁to ▁finish ▁my ▁degree . ▁what ▁do ▁you ▁think ? [SEP] ▁Would ▁you ? ▁I ▁think ▁that ▁is ▁for ▁the ▁best . ▁It ' s ▁sa fer .	▁do ▁you ▁have ▁to ▁take ▁off ▁your ▁shoes ▁at ▁airport s ▁still ? ▁I ▁know ▁like ▁in ▁j apan ▁you ▁probably ▁do , ▁but ▁is ▁it ▁everywhere ?
▁your ▁person a : ▁my ▁eyes ▁are ▁bright ▁blue . [SEP] ▁your ▁person a : ▁i ▁do ▁not ▁have ▁a ▁college ▁degree . [SEP] ▁I ▁am ▁going ▁on ▁a ▁flight ▁for ▁the ▁first ▁time ▁in ▁a ▁couple ▁weeks . ▁I ▁am ▁really ▁scared ▁for ▁some ▁reason ! [SEP] ▁Good ▁for ▁you . ▁Is ▁it ▁truly ▁your ▁first ▁time ▁flying ▁on ▁a ▁plane ? [SEP] ▁Yea , ▁I ▁have ▁a ▁really ▁bad ▁feeling ▁that ▁its ▁going ▁to ▁cr ash ▁or ▁something . [SEP] ▁oh . ▁my ▁god . ▁i ▁never ▁f i in ished ▁college , ▁so ▁i ' m ▁willing ▁to ▁listen ▁to ▁you ▁explain ▁your ▁psych ic ▁vis ions ▁to ▁me [SEP] ▁Ok ▁well , ▁I ▁had ▁a ▁vision ▁last ▁night ▁that ▁al i ens ▁would ▁attack ▁my ▁plane ▁and ▁we ▁would ▁cr ash . [SEP] ▁we ' re ▁on ▁the ▁same ▁plane ? ▁what ▁country ▁are ▁these ▁illeg als ▁from ? ▁like ▁h ij ack ers ? [SEP] ▁No ▁why ▁would ▁you ▁be ▁on ▁my ▁flight ▁a ▁couple ▁weeks ▁from ▁now ? ▁They ▁are ▁from ▁another ▁planet , ▁most ▁likely ▁J up it er . [SEP] ▁sounds ▁like ▁i ' d ▁be ▁better ▁off ▁just ▁cancell ing ▁our ▁trip ▁and ▁going ▁back ▁to ▁finish ▁my ▁degree . ▁what ▁do ▁you ▁think ? [SEP] ▁Would ▁you ? ▁I ▁think ▁that ▁is ▁for ▁the ▁best . ▁It ' s ▁sa fer . [SEP] ▁do ▁you ▁have ▁to ▁take ▁off ▁your ▁shoes ▁at ▁airport s ▁still ? ▁I ▁know ▁like ▁in ▁j apan ▁you ▁probably ▁do , ▁but ▁is ▁it ▁everywhere ? [SEP] ▁I ▁think ▁so , ▁what ▁Im ▁not ▁sure ▁about ▁though ▁is ▁if ▁they ▁every ▁give ▁them ▁back ▁to ▁you . ▁I ▁think ▁they ▁might ▁just ▁mail ▁them ▁to ▁you	▁yeah , ▁there ' s ▁a ▁fed ▁ex ▁in ▁there ▁for ▁that . ▁Where ▁are ▁you ▁going ▁on ▁your ▁trip ?
▁your ▁person a : ▁my ▁eyes ▁are ▁bright ▁blue . [SEP] ▁your ▁person a : ▁i ▁do ▁not ▁have ▁a ▁college ▁degree . [SEP] ▁I ▁am ▁going ▁on ▁a ▁flight ▁for ▁the ▁first ▁time ▁in ▁a ▁couple ▁weeks . ▁I ▁am ▁really ▁scared ▁for ▁some ▁reason ! [SEP] ▁Good ▁for ▁you . ▁Is ▁it ▁truly ▁your ▁first ▁time ▁flying ▁on ▁a ▁plane ? [SEP] ▁Yea , ▁I ▁have ▁a ▁really ▁bad ▁feeling ▁that ▁its ▁going ▁to ▁cr ash ▁or ▁something . [SEP] ▁oh . ▁my ▁god . ▁i ▁never ▁f i in ished ▁college , ▁so ▁i ' m ▁willing ▁to ▁listen ▁to ▁you ▁explain ▁your ▁psych ic ▁vis ions ▁to ▁me [SEP] ▁Ok ▁well , ▁I ▁had ▁a ▁vision ▁last ▁night ▁that ▁al i ens ▁would ▁attack ▁my ▁plane ▁and ▁we ▁would ▁cr ash . [SEP] ▁we ' re ▁on ▁the ▁same ▁plane ? ▁what ▁country ▁are ▁these ▁illeg als ▁from ? ▁like ▁h ij ack ers ? [SEP] ▁No ▁why ▁would ▁you ▁be ▁on ▁my ▁flight ▁a ▁couple ▁weeks ▁from ▁now ? ▁They ▁are ▁from ▁another ▁planet , ▁most ▁likely ▁J up it er . [SEP] ▁sounds ▁like ▁i ' d ▁be ▁better ▁off ▁just ▁cancell ing ▁our ▁trip ▁and ▁going ▁back ▁to ▁finish ▁my ▁degree . ▁what ▁do ▁you ▁think ? [SEP] ▁Would ▁you ? ▁I ▁think ▁that ▁is ▁for ▁the ▁best . ▁It ' s ▁sa fer . [SEP] ▁do ▁you ▁have ▁to ▁take ▁off ▁your ▁shoes ▁at ▁airport s ▁still ? ▁I ▁know ▁like ▁in ▁j apan ▁you ▁probably ▁do , ▁but ▁is ▁it ▁everywhere ? [SEP] ▁I ▁think ▁so , ▁what ▁Im ▁not ▁sure ▁about ▁though ▁is ▁if ▁they ▁every ▁give ▁them ▁back ▁to ▁you . ▁I ▁think ▁they ▁might ▁just ▁mail ▁them ▁to ▁you [SEP] ▁yeah , ▁there ' s ▁a ▁fed ▁ex ▁in ▁there ▁for ▁that . ▁Where ▁are ▁you ▁going ▁on ▁your ▁trip ? [SEP] ▁I ▁am ▁going ▁to ▁Japan ▁actually ▁but ▁then ▁Im ▁flying ▁right ▁back . ▁I ' m ▁really ▁just ▁going ▁for ▁the ▁flying ▁experience .	▁Sm art . ▁You ▁don ' t ▁want ▁your ▁a irl ine ▁miles ▁to ▁exp ire . ▁Are ▁you ▁getting ▁a ▁meal ? ▁Maybe ▁a ▁hot ▁tow l ?
▁your ▁person a : ▁i ▁live ▁in ▁spring field ▁, ▁mo . [SEP] ▁your ▁person a : ▁i ▁just ▁bought ▁my ▁first ▁home . [SEP] ▁that ' s ▁my ▁favorite ▁! ▁oh ▁, ▁r ib s ▁are ▁the ▁best ▁. ▁have ▁to ▁be ▁careful ▁though ▁! [SEP] ▁true ▁. ▁have ▁you ▁ever ▁won ▁any ▁challeng es ▁? [SEP] ▁No , ▁I ▁am ▁worried ▁about ▁the ▁cal or ie ▁int ake , ▁haha .	▁no ▁, ▁i ▁love ▁a ▁challenge ▁. ▁i ▁want ▁to ▁eat ▁it ▁all ▁.
▁your ▁person a : ▁i ▁live ▁in ▁spring field ▁, ▁mo . [SEP] ▁your ▁person a : ▁i ▁just ▁bought ▁my ▁first ▁home . [SEP] ▁that ' s ▁my ▁favorite ▁! ▁oh ▁, ▁r ib s ▁are ▁the ▁best ▁. ▁have ▁to ▁be ▁careful ▁though ▁! [SEP] ▁true ▁. ▁have ▁you ▁ever ▁won ▁any ▁challeng es ▁? [SEP] ▁No , ▁I ▁am ▁worried ▁about ▁the ▁cal or ie ▁int ake , ▁haha . [SEP] ▁no ▁, ▁i ▁love ▁a ▁challenge ▁. ▁i ▁want ▁to ▁eat ▁it ▁all ▁. [SEP] ▁I ▁can ▁agree ▁with ▁that . ▁Have ▁you ▁heard ▁the ▁news ▁recently ?	▁No . ▁I ▁have ▁not ▁turned ▁on ▁the ▁tv
▁your ▁person a : ▁i ▁live ▁in ▁spring field ▁, ▁mo . [SEP] ▁your ▁person a : ▁i ▁just ▁bought ▁my ▁first ▁home . [SEP] ▁that ' s ▁my ▁favorite ▁! ▁oh ▁, ▁r ib s ▁are ▁the ▁best ▁. ▁have ▁to ▁be ▁careful ▁though ▁! [SEP] ▁true ▁. ▁have ▁you ▁ever ▁won ▁any ▁challeng es ▁? [SEP] ▁No , ▁I ▁am ▁worried ▁about ▁the ▁cal or ie ▁int ake , ▁haha . [SEP] ▁no ▁, ▁i ▁love ▁a ▁challenge ▁. ▁i ▁want ▁to ▁eat ▁it ▁all ▁. [SEP] ▁I ▁can ▁agree ▁with ▁that . ▁Have ▁you ▁heard ▁the ▁news ▁recently ? [SEP] ▁No . ▁I ▁have ▁not ▁turned ▁on ▁the ▁tv [SEP] ▁There ▁is ▁new ▁footage ▁of ▁an ▁alien ▁ship ▁p lying ▁over ▁the ▁o cean .	▁wow ▁that ▁would ▁be ▁exciting ▁and ▁scary ▁.
